parameter,value
surface_H,7.339148085937534
DL,1.5622695320288647e-10
