time,C_mol,CL_mol,CT_mol,C_wtppm,CL_wtppm,CT_wtppm
0.0,0.0,0.0,0.0,0.0,0.0,0.0
120.0,3.72615314,3.07271576,0.653421204,0.475443604,0.392182129,0.0833724747
600.0,6.12813568,5.13137674,0.996924622,0.781846924,0.65455896,0.127172005
1800.0,8.15527534,6.86939716,1.28658807,1.04057705,0.876207581,0.164160477
7200.0,8.70279503,7.34051991,1.36460304,1.11021602,0.935966553,0.174171265
