parameter,value
surface_H,8.602390067437824
DL,1.0927944608623399e-10
