time,C_mol,CL_mol,CT_mol,C_wtppm,CL_wtppm,CT_wtppm
0.0,0.0,0.0,0.0,0.0,0.0,0.0
120.0,4.05377293,3.35351086,0.700202271,0.517168274,0.427884521,0.0893076477
600.0,6.3906064,5.35558605,1.03434289,0.815371521,0.683337463,0.131956558
1800.0,8.9438324,7.5448451,1.39919841,1.1408447,0.962455933,0.17852597
7200.0,10.1677341,8.59566689,1.57415044,1.2973274,1.09633434,0.200843033
