parameter,value
surface_H,9.49263539180623
DL,4.189539696649776e-11
