time,C_mol,CL_mol,CT_mol,C_wtppm,CL_wtppm,CT_wtppm
0.0,0.0,0.0,0.0,0.0,0.0,0.0
120.0,3.92554784,3.24307346,0.681542969,0.500754181,0.413797546,0.086969696
600.0,5.25106192,4.37989664,0.871440613,0.669884644,0.558759888,0.111183151
1800.0,7.48007441,6.2900486,1.19015777,0.954337769,0.802421143,0.151798004
7200.0,10.6944132,9.04609585,1.64910674,1.36429965,1.15395248,0.210373123
