parameter,value
surface_H,7.669067346071845
DL,5.667560455446401e-10
