time,C_mol,CL_mol,CT_mol,C_wtppm,CL_wtppm,CT_wtppm
0.0,0.0,0.0,0.0,0.0,0.0,0.0
120.0,5.37509966,4.48596716,0.889095764,0.685699585,0.572268677,0.113417358
600.0,8.54522324,7.20330477,1.34232473,1.0901711,0.918905579,0.171236221
1800.0,9.08469582,7.66432476,1.41926396,1.15900981,0.977716187,0.181087204
7200.0,9.0912447,7.67102575,1.42057645,1.15983558,0.978446716,0.181152847
