parameter,value
surface_H,8.6075050041126
DL,1.0704815982902891e-10
