time,C_mol,CL_mol,CT_mol,C_wtppm,CL_wtppm,CT_wtppm
0.0,0.0,0.0,0.0,0.0,0.0,0.0
120.0,4.04152489,3.34402895,0.698273071,0.515472961,0.426479858,0.0891138916
600.0,6.35246372,5.32269001,1.02873218,0.810144531,0.679016846,0.131258621
1800.0,8.90830135,7.51473093,1.39435959,1.13643897,0.958507263,0.177888199
7200.0,10.1730013,8.59864902,1.57503664,1.29794538,1.09685242,0.200925934
