parameter,value
surface_H,8.606209227939075
DL,1.0717070965952575e-10
