time,C_mol,CL_mol,CT_mol,C_wtppm,CL_wtppm,CT_wtppm
0.0,0.0,0.0,0.0,0.0,0.0,0.0
120.0,4.04095554,3.34413671,0.698315063,0.515570374,0.426558502,0.0891136627
600.0,6.35339737,5.32539988,1.029001,0.810557495,0.679169189,0.131285309
1800.0,8.9092598,7.51577711,1.39448726,1.13672781,0.958623474,0.177910172
7200.0,10.1714087,8.59790611,1.57488585,1.2978214,1.09662199,0.200901627
