parameter,value
surface_H,10.144542977350312
DL,8.583418511409189e-10
