time,C_mol,CL_mol,CT_mol,C_wtppm,CL_wtppm,CT_wtppm
0.0,0.0,0.0,0.0,0.0,0.0,0.0
120.0,7.88085365,6.63319254,1.2470926,1.00525618,0.8463125,0.159114273
600.0,11.6786861,9.88834763,1.78961754,1.4896915,1.26160884,0.228363403
1800.0,11.9741631,10.1456766,1.8321327,1.52756441,1.29406989,0.233851807
7200.0,11.9762535,10.1466846,1.8322221,1.52758718,1.29407203,0.233857025
