parameter,value
surface_H,8.608274421854349
DL,1.0725235675847134e-10
