time,C_mol,CL_mol,CT_mol,C_wtppm,CL_wtppm,CT_wtppm
0.0,0.0,0.0,0.0,0.0,0.0,0.0
120.0,4.04379177,3.34516883,0.698456909,0.51593158,0.426768829,0.0891379547
600.0,6.35580921,5.32723951,1.02940583,0.810869873,0.67948761,0.131335342
1800.0,8.91289997,7.51836824,1.39484191,1.13711452,0.959061951,0.177968658
7200.0,10.1739712,8.59897327,1.57525957,1.29807377,1.09702957,0.200934586
