parameter,value
surface_H,8.79916447214231
DL,3.519173776150575e-10
