time,C_mol,CL_mol,CT_mol,C_wtppm,CL_wtppm,CT_wtppm
0.0,0.0,0.0,0.0,0.0,0.0,0.0
120.0,5.40445185,4.51139879,0.893180542,0.68941864,0.575473572,0.113950859
600.0,9.061553,7.64502287,1.41608155,1.15608203,0.975432251,0.180633484
1800.0,10.3495712,8.7496357,1.60001266,1.32027483,1.11610103,0.204095276
7200.0,10.406394,8.7995739,1.60850453,1.32804227,1.1224438,0.20511319
