parameter,value
surface_H,6.547030116801367
DL,2.7019690591851813e-10
