time,C_mol,CL_mol,CT_mol,C_wtppm,CL_wtppm,CT_wtppm
0.0,0.0,0.0,0.0,0.0,0.0,0.0
120.0,3.79060459,3.12771392,0.662528076,0.483496521,0.398974091,0.0845329056
600.0,6.39007759,5.35532904,1.03428543,0.815141235,0.683194885,0.131942795
1800.0,7.66648388,6.44972658,1.21672785,0.977975708,0.822952698,0.155236267
7200.0,7.78106594,6.54687834,1.23315084,0.992282715,0.835484192,0.157261993
