parameter,value
surface_H,7.794490331278345
DL,1.206226234230885e-10
