parameter,value
surface_H,9.171743535174198
DL,1.3572739712241792e-10
