time,C_mol,CL_mol,CT_mol,C_wtppm,CL_wtppm,CT_wtppm
0.0,0.0,0.0,0.0,0.0,0.0,0.0
120.0,4.49148512,3.72848797,0.762564331,0.572973999,0.47559845,0.0972891769
600.0,7.29418182,6.13052559,1.16369557,0.930511658,0.78193396,0.148443726
1800.0,9.93451595,8.39312172,1.54086864,1.26735294,1.0708952,0.196555054
7200.0,10.8424387,9.16873837,1.6700685,1.3828398,1.16973686,0.213006363
