parameter,value
surface_H,8.60543212683897
DL,1.0970643725834423e-10
