time,C_mol,CL_mol,CT_mol,C_wtppm,CL_wtppm,CT_wtppm
0.0,0.0,0.0,0.0,0.0,0.0,0.0
120.0,4.0576663,3.35625958,0.700705078,0.517663025,0.428310455,0.0894115219
600.0,6.40023565,5.36462021,1.03573966,0.816543274,0.684265015,0.132137924
1800.0,8.95345592,7.55330515,1.40048659,1.14240825,0.963481873,0.178702194
7200.0,10.1720123,8.59759903,1.57470548,1.29790485,1.09681368,0.20090773
