parameter,value
surface_H,8.593663483570392
DL,1.0874896763788583e-10
