time,C_mol,CL_mol,CT_mol,C_wtppm,CL_wtppm,CT_wtppm
0.0,0.0,0.0,0.0,0.0,0.0,0.0
120.0,4.04539394,3.34719086,0.698988037,0.51614801,0.427012177,0.0891897202
600.0,6.37349701,5.3409915,1.03203666,0.813131165,0.681467407,0.131662689
1800.0,8.92439938,7.52862978,1.39653933,1.13841856,0.960302795,0.178171371
7200.0,10.1578312,8.58467102,1.57264435,1.29564178,1.0951519,0.200647568
