parameter,value
surface_H,8.843511347836113
DL,1.1486467469565238e-10
