time,C_mol,CL_mol,CT_mol,C_wtppm,CL_wtppm,CT_wtppm
0.0,0.0,0.0,0.0,0.0,0.0,0.0
120.0,4.20076561,3.47917795,0.721223145,0.535823547,0.443928986,0.0919846573
600.0,6.6711936,5.59734392,1.07451344,0.851153259,0.714089661,0.137082001
1800.0,9.2856493,7.83892155,1.44836724,1.18476391,1.00015271,0.184751251
7200.0,10.4512377,8.83784676,1.61473024,1.33337677,1.12736511,0.206002533
