parameter,value
surface_H,8.432930548953394
DL,3.503862210280133e-10
