time,C_mol,CL_mol,CT_mol,C_wtppm,CL_wtppm,CT_wtppm
0.0,0.0,0.0,0.0,0.0,0.0,0.0
120.0,5.17891884,4.31762886,0.860950378,0.660786926,0.55088031,0.109862305
600.0,8.68360519,7.32087612,1.36184859,1.10782492,0.933996033,0.17374675
1800.0,9.92252254,8.38460636,1.539024,1.26609123,1.0696702,0.196357315
7200.0,9.97846603,8.43480015,1.54695034,1.27341568,1.07586479,0.197378067
