parameter,value
surface_H,8.208881134660027
DL,1.614718833285035e-10
