time,C_mol,CL_mol,CT_mol,C_wtppm,CL_wtppm,CT_wtppm
0.0,0.0,0.0,0.0,0.0,0.0,0.0
120.0,4.18064642,3.46244383,0.718415833,0.533443909,0.441700714,0.0916415787
600.0,6.90747786,5.79869032,1.10812664,0.881287598,0.739739929,0.141376999
1800.0,9.14682007,7.7175293,1.42860389,1.16687644,0.984651672,0.182237259
7200.0,9.71873283,8.20711803,1.5105114,1.23968613,1.04696226,0.192623016
