parameter,value
surface_H,10.232037758827335
DL,5.629153082239957e-10
