time,C_mol,CL_mol,CT_mol,C_wtppm,CL_wtppm,CT_wtppm
0.0,0.0,0.0,0.0,0.0,0.0,0.0
120.0,7.10959625,5.97315836,1.13730586,0.907120422,0.761985779,0.145060425
600.0,11.3444176,9.60297871,1.74207604,1.44711268,1.22489393,0.222245377
1800.0,12.0722818,10.2250824,1.84599447,1.53976643,1.30462146,0.235511993
7200.0,12.0839806,10.2298594,1.84746373,1.54027283,1.30497348,0.235723373
