parameter,value
surface_H,8.594262566394791
DL,1.0927357724185969e-10
