time,C_mol,CL_mol,CT_mol,C_wtppm,CL_wtppm,CT_wtppm
0.0,0.0,0.0,0.0,0.0,0.0,0.0
120.0,4.05077934,3.35060954,0.6996828,0.516641479,0.427483734,0.0892516556
600.0,6.38415956,5.35058594,1.03341675,0.814444702,0.682461121,0.131848083
1800.0,8.9336319,7.53689957,1.39794028,1.139709,0.961444824,0.178338974
7200.0,10.1600418,8.58626461,1.57273746,1.29581761,1.0952332,0.200660141
