parameter,value
surface_H,7.093295596679758
DL,3.036389843840175e-10
