time,C_mol,CL_mol,CT_mol,C_wtppm,CL_wtppm,CT_wtppm
0.0,0.0,0.0,0.0,0.0,0.0,0.0
120.0,4.2180357,3.49426579,0.723772522,0.538214355,0.445878082,0.0923349152
600.0,7.1043644,5.96766329,1.13639164,0.906484863,0.761236755,0.144986008
1800.0,8.33533859,7.02307272,1.31240058,1.06336343,0.8958255,0.167433609
7200.0,8.41773033,7.09373331,1.32420182,1.07411683,0.904707825,0.168942734
