parameter,value
surface_H,10.005970799270706
DL,9.616253559196425e-10
