time,C_mol,CL_mol,CT_mol,C_wtppm,CL_wtppm,CT_wtppm
0.0,0.0,0.0,0.0,0.0,0.0,0.0
120.0,7.99638414,6.73316431,1.26382089,1.0204854,0.859103088,0.161283997
600.0,11.5897665,9.81317043,1.77735448,1.47898722,1.25206411,0.226777771
1800.0,11.8130121,10.0025711,1.8088392,1.50764799,1.27698922,0.230899857
7200.0,11.8130131,10.0027971,1.80883932,1.50773537,1.27699578,0.230925552
