parameter,value
surface_H,7.668102486943557
DL,2.1413770780372192e-10
