time,C_mol,CL_mol,CT_mol,C_wtppm,CL_wtppm,CT_wtppm
0.0,0.0,0.0,0.0,0.0,0.0,0.0
120.0,4.17073917,3.45485783,0.716888672,0.532131226,0.440655548,0.0914790573
600.0,7.01929379,5.89533377,1.12399292,0.8954422,0.751944763,0.143418182
1800.0,8.82124519,7.43953323,1.38154185,1.12538767,0.949143188,0.176260391
7200.0,9.09108162,7.67084455,1.4192816,1.15977848,0.978379578,0.181151825
