parameter,value
surface_H,7.38125
DL,3.8124999999999995e-10
