parameter,value
surface_H,7.555243886955157
DL,8.42603460473693e-10
