time,C_mol,CL_mol,CT_mol,C_wtppm,CL_wtppm,CT_wtppm
0.0,0.0,0.0,0.0,0.0,0.0,0.0
120.0,5.87642097,4.91608429,0.960906738,0.74972644,0.62713739,0.122581879
600.0,8.72284126,7.35694027,1.3679111,1.11292136,0.938171997,0.174499527
1800.0,8.95613956,7.5549264,1.40127563,1.14242947,0.963387695,0.178714813
7200.0,8.95620537,7.55859566,1.40128124,1.1428988,0.96339093,0.178718597
