parameter,value
surface_H,8.603428377540626
DL,1.0860661832098555e-10
