time,C_mol,CL_mol,CT_mol,C_wtppm,CL_wtppm,CT_wtppm
0.0,0.0,0.0,0.0,0.0,0.0,0.0
120.0,4.04934549,3.34973884,0.699534119,0.516667786,0.427379211,0.0892389603
600.0,6.37690163,5.34535503,1.03264081,0.81374408,0.681996094,0.131718491
1800.0,8.93104362,7.53509998,1.39744389,1.13963246,0.961229187,0.178297607
7200.0,10.1684151,8.59596634,1.57426894,1.29740512,1.09637308,0.200857162
