parameter,value
surface_H,9.447648422430579
DL,1.488722376404288e-10
