time,C_mol,CL_mol,CT_mol,C_wtppm,CL_wtppm,CT_wtppm
0.0,0.0,0.0,0.0,0.0,0.0,0.0
120.0,4.71012783,3.91492963,0.793817139,0.600618896,0.499566193,0.101292679
600.0,7.73264837,6.50531054,1.22601628,0.986309998,0.829770264,0.156387085
1800.0,10.3838148,8.77864075,1.60499394,1.32483768,1.11993086,0.204727356
7200.0,11.1604919,9.44682026,1.71578157,1.42438889,1.20494151,0.218875381
