parameter,value
surface_H,9.079678970990216
DL,6.903601233085998e-10
