time,C_mol,CL_mol,CT_mol,C_wtppm,CL_wtppm,CT_wtppm
0.0,0.0,0.0,0.0,0.0,0.0,0.0
120.0,6.67946529,5.60441923,1.07557678,0.852172546,0.714841248,0.137237305
600.0,10.2998562,8.70632076,1.59296596,1.31401837,1.11070454,0.203191681
1800.0,10.7320938,9.07707691,1.65530062,1.36908269,1.15803921,0.211059036
7200.0,10.7388878,9.08079147,1.65539086,1.36980009,1.15856445,0.211073364
