parameter,value
surface_H,8.657417428123832
DL,1.0072476545990611e-10
