time,C_mol,CL_mol,CT_mol,C_wtppm,CL_wtppm,CT_wtppm
0.0,0.0,0.0,0.0,0.0,0.0,0.0
120.0,4.02130604,3.32556105,0.695503479,0.513118591,0.4243078,0.0887159958
600.0,6.26196527,5.24662495,1.01598728,0.798881226,0.669239807,0.129631882
1800.0,8.83666992,7.45280075,1.38396072,1.1274631,0.950693726,0.176556534
7200.0,10.2260695,8.64328194,1.5826633,1.30493426,1.10268903,0.201878922
