parameter,value
surface_H,8.043620015633532
DL,8.888648507741755e-10
