time,C_mol,CL_mol,CT_mol,C_wtppm,CL_wtppm,CT_wtppm
0.0,0.0,0.0,0.0,0.0,0.0,0.0
120.0,6.33293915,5.30757713,1.02607048,0.807818604,0.676909912,0.130903458
600.0,9.30896187,7.8564868,1.45139182,1.18734348,1.00218904,0.185138794
1800.0,9.52870464,8.04512787,1.48235238,1.21493518,1.02592456,0.189086578
7200.0,9.52874279,8.04520893,1.4831177,1.21493852,1.02595258,0.189088089
