parameter,value
surface_H,8.61008618846175
DL,1.061073871793428e-10
