time,C_mol,CL_mol,CT_mol,C_wtppm,CL_wtppm,CT_wtppm
0.0,0.0,0.0,0.0,0.0,0.0,0.0
120.0,4.03644419,3.33889008,0.697633118,0.514952454,0.426039429,0.0889880295
600.0,6.33615923,5.30809498,1.0263418,0.808170776,0.677112549,0.130948242
1800.0,8.89359188,7.50124216,1.39211845,1.1346525,0.956864685,0.177605637
7200.0,10.1747866,8.60095692,1.57539558,1.29816127,1.0970912,0.20095462
