parameter,value
surface_H,7.195650473724696
DL,7.544232242475093e-10
