time,C_mol,CL_mol,CT_mol,C_wtppm,CL_wtppm,CT_wtppm
0.0,0.0,0.0,0.0,0.0,0.0,0.0
120.0,5.44792414,4.54827309,0.899743347,0.694981323,0.580284729,0.114774529
600.0,8.25101376,6.95172596,1.30027282,1.05282402,0.886778503,0.165879456
1800.0,8.53382492,7.19412136,1.34091246,1.08925009,0.917959839,0.171047974
7200.0,8.53408051,7.19898939,1.34095609,1.08944082,0.917968933,0.171058792
