parameter,value
surface_H,8.86850486170996
DL,8.488930094583799e-10
