time,C_mol,CL_mol,CT_mol,C_wtppm,CL_wtppm,CT_wtppm
0.0,0.0,0.0,0.0,0.0,0.0,0.0
120.0,6.8871541,5.78249359,1.10525131,0.878656372,0.737676514,0.140981201
600.0,10.2219524,8.63979244,1.58173251,1.30379093,1.10202646,0.201737457
1800.0,10.4897766,8.87173748,1.62019575,1.33833516,1.131392,0.206577744
7200.0,10.4907503,8.87180138,1.62021506,1.33846688,1.1314739,0.206578217
