parameter,value
surface_H,8.005939111017764
DL,8.628687189285114e-11
