time,C_mol,CL_mol,CT_mol,C_wtppm,CL_wtppm,CT_wtppm
0.0,0.0,0.0,0.0,0.0,0.0,0.0
120.0,3.63891101,2.9977901,0.640831116,0.464200104,0.382455566,0.0817438889
600.0,5.52098942,4.6115346,0.910223328,0.704371094,0.588301392,0.11609716
1800.0,7.87922668,6.63092136,1.24718964,1.00508821,0.846042114,0.159099426
7200.0,9.44861603,7.97731829,1.4717412,1.20563817,1.01773179,0.187708664
