parameter,value
surface_H,8.605141881415378
DL,1.0929104791791305e-10
