time,C_mol,CL_mol,CT_mol,C_wtppm,CL_wtppm,CT_wtppm
0.0,0.0,0.0,0.0,0.0,0.0,0.0
120.0,4.05457687,3.35438728,0.700428406,0.517291382,0.427948242,0.0893413773
600.0,6.39379787,5.35752869,1.0346247,0.815540466,0.683574646,0.132013885
1800.0,8.94775963,7.54649639,1.39949775,1.14139569,0.962650635,0.178585449
7200.0,10.1717653,8.59709072,1.57452691,1.29781735,1.09678578,0.200898926
