parameter,value
surface_H,8.61118529009367
DL,1.0619474742882195e-10
