time,C_mol,CL_mol,CT_mol,C_wtppm,CL_wtppm,CT_wtppm
0.0,0.0,0.0,0.0,0.0,0.0,0.0
120.0,4.03697634,3.33956528,0.697727966,0.515011108,0.426113678,0.0890061417
600.0,6.337502,5.30954885,1.02678549,0.808391357,0.677615662,0.130983292
1800.0,8.89550591,7.50323629,1.39245486,1.13486087,0.957194397,0.177637589
7200.0,10.1754513,8.60132694,1.57549012,1.29827976,1.0971992,0.200972473
