time,C_mol,CL_mol,CT_mol,C_wtppm,CL_wtppm,CT_wtppm
0.0,0.0,0.0,0.0,0.0,0.0,0.0
120.0,2.90424347,2.36878133,0.535423706,0.370620087,0.302228638,0.0683172302
600.0,3.20329952,2.62524104,0.578519897,0.408672638,0.334953674,0.0738145981
1800.0,3.86577678,3.19355226,0.673361755,0.49329129,0.40741156,0.0859124832
7200.0,5.89619684,4.93136263,0.963589417,0.752281189,0.629306152,0.122954933
