parameter,value
surface_H,6.920459601701974
DL,7.171470534708722e-10
