time,C_mol,CL_mol,CT_mol,C_wtppm,CL_wtppm,CT_wtppm
0.0,0.0,0.0,0.0,0.0,0.0,0.0
120.0,5.17665958,4.31605101,0.860779968,0.660374146,0.550569458,0.109820854
600.0,7.9102335,6.65873146,1.25155497,1.00904489,0.849311829,0.159648514
1800.0,8.21692181,6.92120838,1.29526329,1.0479691,0.882801453,0.165194504
7200.0,8.21789742,6.92165565,1.29550719,1.04829323,0.882818726,0.165206619
