parameter,value
surface_H,5.970405721834361
DL,7.513652685625902e-10
