time,C_mol,CL_mol,CT_mol,C_wtppm,CL_wtppm,CT_wtppm
0.0,0.0,0.0,0.0,0.0,0.0,0.0
120.0,4.5398674,3.76972675,0.769610352,0.579011475,0.480944092,0.0981970367
600.0,6.86833858,5.76548338,1.1026839,0.876146973,0.735538025,0.140699921
1800.0,7.10841274,5.96892929,1.1367265,0.906360901,0.761697388,0.145020309
7200.0,7.10858345,5.96904755,1.13673842,0.906378113,0.761716431,0.145021881
