parameter,value
surface_H,7.956263702099621
DL,3.7331787807242136e-10
