time,C_mol,CL_mol,CT_mol,C_wtppm,CL_wtppm,CT_wtppm
0.0,0.0,0.0,0.0,0.0,0.0,0.0
120.0,4.97675323,4.14498806,0.832381897,0.635005615,0.52879718,0.106175629
600.0,8.30335045,6.99551296,1.30785692,1.05940878,0.892523804,0.166858795
1800.0,9.38254547,7.9196887,1.46215153,1.19696426,1.0105989,0.186558548
7200.0,9.42543221,7.95462084,1.46844745,1.20275545,1.01527309,0.187344925
