parameter,value
surface_H,8.83664214386453
DL,1.1921464204497022e-10
