time,C_mol,CL_mol,CT_mol,C_wtppm,CL_wtppm,CT_wtppm
0.0,0.0,0.0,0.0,0.0,0.0,0.0
120.0,4.22721624,3.50150609,0.724830322,0.53911731,0.446615295,0.0924708481
600.0,6.74834299,5.66222095,1.085253,0.860765076,0.722262024,0.138466949
1800.0,9.34863281,7.89282322,1.45723152,1.19277334,1.00675857,0.185920441
7200.0,10.4441166,8.83159447,1.6137085,1.33249867,1.12666643,0.205873077
