parameter,value
surface_H,7.932557565300023
DL,6.668896192867962e-10
