time,C_mol,CL_mol,CT_mol,C_wtppm,CL_wtppm,CT_wtppm
0.0,0.0,0.0,0.0,0.0,0.0,0.0
120.0,5.79988718,4.85057545,0.95011792,0.74012738,0.618792542,0.1212071
600.0,8.98730946,7.58272648,1.4057107,1.14657736,0.967158142,0.179284058
1800.0,9.39541626,7.93080521,1.46406591,1.1988672,1.01174462,0.186668793
7200.0,9.39651775,7.93450022,1.46452975,1.19912183,1.01180649,0.186679489
