parameter,value
surface_H,8.662297148312351
DL,9.980773069484119e-11
