time,C_mol,CL_mol,CT_mol,C_wtppm,CL_wtppm,CT_wtppm
0.0,0.0,0.0,0.0,0.0,0.0,0.0
120.0,4.01798201,3.32274342,0.694924316,0.512588501,0.423932129,0.0886704483
600.0,6.24841881,5.2344408,1.01399934,0.797033691,0.667853088,0.129379608
1800.0,8.82390594,7.43996286,1.38212144,1.12561297,0.949316711,0.176306946
7200.0,10.2315989,8.64708805,1.58334458,1.30537069,1.10332155,0.201975204
