parameter,value
surface_H,8.825358298867283
DL,1.5274550390263793e-10
