time,C_mol,CL_mol,CT_mol,C_wtppm,CL_wtppm,CT_wtppm
0.0,0.0,0.0,0.0,0.0,0.0,0.0
120.0,4.43244028,3.67795801,0.754373169,0.565405823,0.469160217,0.0962203522
600.0,7.28979778,6.12775612,1.1630435,0.930096558,0.781501648,0.148346405
1800.0,9.7460928,8.23322392,1.51393926,1.24347281,1.05013716,0.193132111
7200.0,10.4374886,8.8248415,1.61304259,1.33185017,1.12538338,0.205679276
