parameter,value
surface_H,6.381259017065054
DL,5.268188090999271e-10
