time,C_mol,CL_mol,CT_mol,C_wtppm,CL_wtppm,CT_wtppm
0.0,0.0,0.0,0.0,0.0,0.0,0.0
120.0,4.40832996,3.6577549,0.750910706,0.562418518,0.466678955,0.0958072662
600.0,7.06987381,5.93717289,1.13142049,0.901894836,0.757512207,0.144347443
1800.0,7.58102894,6.37533236,1.20441353,0.967171753,0.813405273,0.153635254
7200.0,7.58986473,6.37940168,1.20555711,0.968274109,0.814336731,0.153799652
