parameter,value
surface_H,6.35644635432385
DL,4.558381978235017e-10
