time,C_mol,CL_mol,CT_mol,C_wtppm,CL_wtppm,CT_wtppm
0.0,0.0,0.0,0.0,0.0,0.0,0.0
120.0,4.22406292,3.50042415,0.72471051,0.538896606,0.446453949,0.0924428253
600.0,6.89730787,5.79141998,1.10691333,0.879990906,0.738637024,0.141223526
1800.0,7.54438305,6.34494543,1.19950092,0.962488037,0.809406677,0.15301915
7200.0,7.5594759,6.35842037,1.20157337,0.964452454,0.810681824,0.15328392
