parameter,value
surface_H,8.605941544413735
DL,1.0937126238296522e-10
