time,C_mol,CL_mol,CT_mol,C_wtppm,CL_wtppm,CT_wtppm
0.0,0.0,0.0,0.0,0.0,0.0,0.0
120.0,4.05547428,3.35562706,0.700493286,0.517344971,0.428013031,0.089355629
600.0,6.39565182,5.3606267,1.03499019,0.815716187,0.683725281,0.132053101
1800.0,8.94901943,7.5486455,1.40011287,1.14161861,0.962953674,0.178615646
7200.0,10.1725073,8.59843254,1.57514644,1.29792738,1.09682834,0.200917511
