parameter,value
surface_H,9.357908613545735
DL,3.0772946049015854e-10
