time,C_mol,CL_mol,CT_mol,C_wtppm,CL_wtppm,CT_wtppm
0.0,0.0,0.0,0.0,0.0,0.0,0.0
120.0,5.5389576,4.62772942,0.912423218,0.706770508,0.590169678,0.116420052
600.0,9.3555994,7.89795017,1.45815063,1.19345653,1.00740302,0.186019073
1800.0,10.9572582,9.26882076,1.68690634,1.39752138,1.18240917,0.215221741
7200.0,11.0618649,9.35632038,1.70208287,1.41046619,1.19384658,0.217152817
