parameter,value
surface_H,9.19718150350566
DL,1.3433011305706114e-10
