time,C_mol,CL_mol,CT_mol,C_wtppm,CL_wtppm,CT_wtppm
0.0,0.0,0.0,0.0,0.0,0.0,0.0
120.0,4.49416304,3.73033452,0.762903259,0.573392761,0.475897614,0.0973312454
600.0,7.290236,6.12709522,1.16284466,0.930081543,0.781782776,0.148351181
1800.0,9.94375896,8.40210629,1.54219258,1.26848078,1.0717324,0.196771423
7200.0,10.8724222,9.19364166,1.6745913,1.38671148,1.17289948,0.213585739
