parameter,value
surface_H,8.66149537177639
DL,1.1298778814711943e-10
