time,C_mol,CL_mol,CT_mol,C_wtppm,CL_wtppm,CT_wtppm
0.0,0.0,0.0,0.0,0.0,0.0,0.0
120.0,4.10522127,3.39758635,0.707342896,0.52366626,0.433447784,0.0902422791
600.0,6.50344753,5.45164871,1.05033672,0.8295354,0.695795898,0.133978149
1800.0,9.06709385,7.64998865,1.41691172,1.15669572,0.976079346,0.180737808
7200.0,10.238121,8.65473843,1.5842675,1.30619919,1.10412323,0.202105759
