parameter,value
surface_H,7.16629827991125
DL,8.028660828433816e-10
