time,C_mol,CL_mol,CT_mol,C_wtppm,CL_wtppm,CT_wtppm
0.0,0.0,0.0,0.0,0.0,0.0,0.0
120.0,5.51276207,4.60533476,0.909013123,0.703287415,0.58734729,0.115966454
600.0,8.25464439,6.95579815,1.30085087,1.05314457,0.887210022,0.165952759
1800.0,8.50046444,7.16816759,1.3359791,1.0845598,0.914079285,0.170426834
7200.0,8.5007,7.16850233,1.336007,1.08456624,0.914088379,0.170442215
