parameter,value
surface_H,8.338376394040683
DL,3.6455402584786744e-11
