time,C_mol,CL_mol,CT_mol,C_wtppm,CL_wtppm,CT_wtppm
0.0,0.0,0.0,0.0,0.0,0.0,0.0
120.0,3.42242527,2.81234765,0.609744324,0.436726166,0.358885406,0.0778120193
600.0,4.465271,3.7053535,0.758988708,0.569639099,0.472756561,0.0968031693
1800.0,6.29122114,5.27091217,1.01985025,0.802502991,0.67236615,0.130099792
7200.0,9.23334026,7.79272604,1.44030058,1.1776495,0.993989319,0.183742599
