parameter,value
surface_H,9.611165892799345
DL,2.524066099091862e-10
