time,C_mol,CL_mol,CT_mol,C_wtppm,CL_wtppm,CT_wtppm
0.0,0.0,0.0,0.0,0.0,0.0,0.0
120.0,5.40503979,4.51146889,0.893373901,0.689400635,0.575641968,0.113950363
600.0,9.15719223,7.72543192,1.42948568,1.16810286,0.985710022,0.182405914
1800.0,11.1466608,9.43481827,1.71392894,1.42223155,1.20363581,0.218697464
7200.0,11.3522587,9.61276627,1.74319053,1.44896185,1.22647178,0.222531433
