parameter,value
surface_H,8.591990784778819
DL,1.0932267293860788e-10
