time,C_mol,CL_mol,CT_mol,C_wtppm,CL_wtppm,CT_wtppm
0.0,0.0,0.0,0.0,0.0,0.0,0.0
120.0,4.04921961,3.35051656,0.699655029,0.516594299,0.427330505,0.0892264938
600.0,6.38326883,5.35050583,1.03339362,0.814410767,0.682346191,0.131813431
1800.0,8.93253994,7.53593874,1.39779854,1.13964438,0.961269592,0.178304352
7200.0,10.1564484,8.58345699,1.57249057,1.29548144,1.09502149,0.200604996
