parameter,value
surface_H,9.15166208669931
DL,2.6508933019568413e-10
