time,C_mol,CL_mol,CT_mol,C_wtppm,CL_wtppm,CT_wtppm
0.0,0.0,0.0,0.0,0.0,0.0,0.0
120.0,5.21686363,4.34985352,0.866422119,0.66545813,0.555022339,0.110534424
600.0,8.83268738,7.45106077,1.38369739,1.12686956,0.950506592,0.176508148
1800.0,10.6491899,9.00761509,1.64323723,1.35869837,1.14921737,0.20963205
7200.0,10.8150969,9.15376091,1.66770208,1.37998712,1.16787016,0.212760071
