parameter,value
surface_H,8.845467077564013
DL,1.191530701945163e-10
