time,C_mol,CL_mol,CT_mol,C_wtppm,CL_wtppm,CT_wtppm
0.0,0.0,0.0,0.0,0.0,0.0,0.0
120.0,4.2302928,3.50416732,0.725217468,0.539602356,0.447136627,0.0925194168
600.0,6.75380421,5.66553831,1.08594143,0.861454041,0.722987732,0.138542679
1800.0,9.35972881,7.89951658,1.45852804,1.19367158,1.00788236,0.186029068
7200.0,10.4553461,8.84127331,1.61513507,1.33379817,1.1279434,0.206059509
