parameter,value
surface_H,9.205182128500658
DL,1.3125184665421927e-10
