time,C_mol,CL_mol,CT_mol,C_wtppm,CL_wtppm,CT_wtppm
0.0,0.0,0.0,0.0,0.0,0.0,0.0
120.0,4.47820282,3.7163856,0.760542786,0.571194092,0.474229675,0.0970475006
600.0,7.24209166,6.0867877,1.15620601,0.923911316,0.776469177,0.147514282
1800.0,9.91019058,8.37428665,1.53743446,1.26438034,1.06837249,0.196168915
7200.0,10.8762741,9.20193672,1.67573261,1.38754106,1.17381275,0.213821777
