parameter,value
surface_H,8.824205709468178
DL,1.1930162556797684e-10
