time,C_mol,CL_mol,CT_mol,C_wtppm,CL_wtppm,CT_wtppm
0.0,0.0,0.0,0.0,0.0,0.0,0.0
120.0,4.22126389,3.49698186,0.724115356,0.538487976,0.446148773,0.0923571625
600.0,6.73927975,5.65543032,1.08427799,0.859763977,0.721360962,0.138321869
1800.0,9.33751965,7.88321114,1.45564723,1.19140661,1.00543249,0.185672546
7200.0,10.4323244,8.81834793,1.61171424,1.3307184,1.12509763,0.205610291
