parameter,value
surface_H,8.136258672337316
DL,1.561519792970906e-10
