time,C_mol,CL_mol,CT_mol,C_wtppm,CL_wtppm,CT_wtppm
0.0,0.0,0.0,0.0,0.0,0.0,0.0
120.0,4.11531019,3.40703702,0.708942627,0.525132141,0.434601013,0.0904501114
600.0,6.77837658,5.68795538,1.08960259,0.864651001,0.725497498,0.138997192
1800.0,9.02629948,7.61459446,1.41091907,1.15141404,0.971219543,0.179997375
7200.0,9.63356113,8.13679314,1.49730313,1.22914886,1.03768694,0.191040359
