parameter,value
surface_H,10.17861473635572
DL,2.673035730071141e-10
