time,C_mol,CL_mol,CT_mol,C_wtppm,CL_wtppm,CT_wtppm
0.0,0.0,0.0,0.0,0.0,0.0,0.0
120.0,5.79842901,4.84811974,0.949539429,0.73978064,0.618729919,0.121165573
600.0,9.83050156,8.30314541,1.52576172,1.25401306,1.05942941,0.194651123
1800.0,11.8344793,10.0210562,1.81231451,1.50961602,1.27856719,0.231165451
7200.0,12.021431,10.1785593,1.83887923,1.53245163,1.29824281,0.234468582
