parameter,value
surface_H,6.092050713245621
DL,5.423455500898549e-10
