time,C_mol,CL_mol,CT_mol,C_wtppm,CL_wtppm,CT_wtppm
0.0,0.0,0.0,0.0,0.0,0.0,0.0
120.0,4.24798918,3.52031398,0.728026062,0.541932678,0.449109741,0.0928946533
600.0,6.78039122,5.69015694,1.0898515,0.865081482,0.726006287,0.139069763
1800.0,7.24360037,6.0874157,1.15634894,0.924314026,0.776568115,0.147524475
7200.0,7.24993849,6.0934577,1.15664804,0.925276978,0.777314941,0.147618835
