parameter,value
surface_H,8.663248723606523
DL,1.0061877097394495e-10
