time,C_mol,CL_mol,CT_mol,C_wtppm,CL_wtppm,CT_wtppm
0.0,0.0,0.0,0.0,0.0,0.0,0.0
120.0,4.02365255,3.32762647,0.695884705,0.513382446,0.424525665,0.088764267
600.0,6.26512623,5.24821472,1.01638603,0.799094116,0.66960907,0.129680252
1800.0,8.84055519,7.45526028,1.38460386,1.12776864,0.951209534,0.176616379
7200.0,10.2335157,8.64793587,1.58351874,1.30553746,1.10347998,0.201995789
