time,C_mol,CL_mol,CT_mol,C_wtppm,CL_wtppm,CT_wtppm
0.0,0.0,0.0,0.0,0.0,0.0,0.0
120.0,3.32782316,2.73200369,0.595857544,0.424481232,0.348502747,0.0760237427
600.0,3.67230582,3.0267005,0.645613586,0.468482697,0.386204285,0.0823605804
1800.0,4.43672228,3.68231416,0.754830688,0.566095093,0.469697601,0.0963256531
7200.0,6.77703428,5.68716431,1.08948827,0.86462854,0.725491943,0.139005402
