parameter,value
surface_H,7.807542995362975
DL,9.999999999999999e-10
