time,C_mol,CL_mol,CT_mol,C_wtppm,CL_wtppm,CT_wtppm
0.0,0.0,0.0,0.0,0.0,0.0,0.0
120.0,6.33167076,5.30580664,1.02595496,0.807728027,0.676882202,0.130878555
600.0,9.09286785,7.67233944,1.42050195,1.15996885,0.978758423,0.181198959
1800.0,9.25003529,7.80945063,1.44265938,1.17978549,0.996090149,0.184084259
7200.0,9.25004101,7.80945158,1.44267881,1.17978597,0.996091919,0.184084366
