parameter,value
surface_H,8.841834050136903
DL,1.1520749776273831e-10
