time,C_mol,CL_mol,CT_mol,C_wtppm,CL_wtppm,CT_wtppm
0.0,0.0,0.0,0.0,0.0,0.0,0.0
120.0,4.20269871,3.4815681,0.721333679,0.536017334,0.444030273,0.0920277176
600.0,6.6763258,5.60251093,1.07543302,0.851762146,0.714681885,0.137173706
1800.0,9.29173183,7.84247351,1.44889879,1.18524206,1.00054681,0.184818329
7200.0,10.449748,8.83653831,1.61452389,1.33320951,1.12722099,0.205982086
