parameter,value
surface_H,8.854684999099284
DL,1.1849282626976488e-10
