time,C_mol,CL_mol,CT_mol,C_wtppm,CL_wtppm,CT_wtppm
0.0,0.0,0.0,0.0,0.0,0.0,0.0
120.0,4.22946548,3.50362277,0.725095337,0.539614319,0.44710434,0.0925136414
600.0,6.74643326,5.66319036,1.08530915,0.860836548,0.722199768,0.138472549
1800.0,9.35679245,7.8988862,1.45831573,1.19368207,1.0076257,0.186058945
7200.0,10.4675131,8.84908199,1.61692262,1.33532965,1.12895036,0.20625737
