parameter,value
surface_H,8.612346616292417
DL,1.5795256103074016e-10
