time,C_mol,CL_mol,CT_mol,C_wtppm,CL_wtppm,CT_wtppm
0.0,0.0,0.0,0.0,0.0,0.0,0.0
120.0,4.35906267,3.61435556,0.743930115,0.55604364,0.461154755,0.094873558
600.0,7.19091511,6.04131031,1.14879882,0.917506714,0.770960693,0.146520996
1800.0,9.56117439,8.0723772,1.48765612,1.21993041,1.03007722,0.189730698
7200.0,10.1877642,8.61175251,1.57760084,1.30022812,1.0985074,0.201177734
