parameter,value
surface_H,8.607622907435642
DL,1.0708003680133643e-10
