time,C_mol,CL_mol,CT_mol,C_wtppm,CL_wtppm,CT_wtppm
0.0,0.0,0.0,0.0,0.0,0.0,0.0
120.0,4.04167414,3.34426522,0.698312805,0.515485718,0.426547363,0.0891166763
600.0,6.35313654,5.32425356,1.02878046,0.810346497,0.679098816,0.131268173
1800.0,8.90893459,7.51506329,1.39445353,1.13663197,0.958540283,0.177899307
7200.0,10.1730566,8.59874058,1.57504225,1.29795039,1.09688711,0.200928329
