parameter,value
surface_H,8.118320338531547
DL,1.5867528966077318e-10
