time,C_mol,CL_mol,CT_mol,C_wtppm,CL_wtppm,CT_wtppm
0.0,0.0,0.0,0.0,0.0,0.0,0.0
120.0,4.12005329,3.41062927,0.709567566,0.525797058,0.435187286,0.0905558701
600.0,6.79543352,5.70439863,1.09224153,0.867092407,0.72769928,0.139351364
1800.0,9.02558899,7.61580706,1.4110806,1.15152979,0.971482605,0.180014801
7200.0,9.61330605,8.12036896,1.49511385,1.22651803,1.03538537,0.190770142
