parameter,value
surface_H,8.661505118592341
DL,1.0081712901314675e-10
