time,C_mol,CL_mol,CT_mol,C_wtppm,CL_wtppm,CT_wtppm
0.0,0.0,0.0,0.0,0.0,0.0,0.0
120.0,4.02413082,3.32929373,0.695850098,0.513414185,0.424598694,0.0887815323
600.0,6.26926422,5.2508893,1.01685143,0.799679016,0.669992004,0.129702576
1800.0,8.84303856,7.45792484,1.38483942,1.12825561,0.951591492,0.176647552
7200.0,10.2324696,8.64725399,1.58330154,1.30536449,1.10334086,0.201952591
