parameter,value
surface_H,8.60906123940419
DL,1.0730925897844212e-10
