time,C_mol,CL_mol,CT_mol,C_wtppm,CL_wtppm,CT_wtppm
0.0,0.0,0.0,0.0,0.0,0.0,0.0
120.0,4.04452038,3.3454771,0.69860907,0.516010071,0.426828369,0.0891460114
600.0,6.35862684,5.328053,1.02971983,0.811006836,0.679622803,0.131353897
1800.0,8.91532803,7.51985407,1.39515579,1.13728881,0.959207275,0.177989807
7200.0,10.1744595,8.59955406,1.57536244,1.29811907,1.09706879,0.200951569
