parameter,value
surface_H,7.740613936482102
DL,5.220122775160554e-11
