time,C_mol,CL_mol,CT_mol,C_wtppm,CL_wtppm,CT_wtppm
0.0,0.0,0.0,0.0,0.0,0.0,0.0
120.0,3.29926038,2.7066915,0.592066956,0.420849487,0.345269379,0.0755356827
600.0,4.58005524,3.80474043,0.775414551,0.584259888,0.485305878,0.0989181595
1800.0,6.58013058,5.51789904,1.06150723,0.839418579,0.704070557,0.135417465
7200.0,8.94287777,7.54275894,1.39914513,1.1409328,0.962388977,0.178470459
