parameter,value
surface_H,8.452621199796015
DL,9.725692030508828e-10
