time,C_mol,CL_mol,CT_mol,C_wtppm,CL_wtppm,CT_wtppm
0.0,0.0,0.0,0.0,0.0,0.0,0.0
120.0,6.79626179,5.7042861,1.09260583,0.867057922,0.72767041,0.139366821
600.0,9.81850719,8.29460239,1.5244776,1.25289726,1.05821204,0.194467468
1800.0,10.0006971,8.45158291,1.55076647,1.27621794,1.07815075,0.197780502
7200.0,10.0007086,8.45158386,1.55076683,1.27622521,1.07815158,0.197781662
