parameter,value
surface_H,5.861435770895262
DL,5.033319495525091e-10
