time,C_mol,CL_mol,CT_mol,C_wtppm,CL_wtppm,CT_wtppm
0.0,0.0,0.0,0.0,0.0,0.0,0.0
120.0,4.01114607,3.31686115,0.694357239,0.511773834,0.423185608,0.0885689697
600.0,6.46487284,5.41944933,1.04511559,0.82472998,0.691456299,0.133319885
1800.0,6.97279644,5.85424757,1.11772168,0.889584473,0.74697113,0.142604202
7200.0,6.98115253,5.86033106,1.11875176,0.890600281,0.74792804,0.142733643
