parameter,value
surface_H,8.584381219615777
DL,1.098404526979047e-10
