time,C_mol,CL_mol,CT_mol,C_wtppm,CL_wtppm,CT_wtppm
0.0,0.0,0.0,0.0,0.0,0.0,0.0
120.0,4.04863262,3.34974098,0.699428772,0.516529846,0.427248932,0.089239502
600.0,6.38776255,5.35443735,1.03386319,0.81475238,0.683030334,0.131922211
1800.0,8.9344902,7.53593826,1.39813161,1.13972533,0.96144342,0.178343918
7200.0,10.1460934,8.57542133,1.57141113,1.29450691,1.09416151,0.200454758
