parameter,value
surface_H,8.64099568205459
DL,1.0432282501413776e-10
