parameter,value
surface_H,8.606443486337941
DL,1.0722300596666022e-10
