time,C_mol,CL_mol,CT_mol,C_wtppm,CL_wtppm,CT_wtppm
0.0,0.0,0.0,0.0,0.0,0.0,0.0
120.0,4.04234409,3.34432983,0.698364441,0.515612854,0.426594086,0.0891187897
600.0,6.35408878,5.32608271,1.02911949,0.810657043,0.679263062,0.131302582
1800.0,8.90996742,7.51635933,1.39464545,1.13685918,0.958794922,0.17793718
7200.0,10.1720715,8.59798622,1.57489765,1.29788339,1.09665,0.200903122
