parameter,value
surface_H,9.230740264886599
DL,2.975760602040826e-10
