time,C_mol,CL_mol,CT_mol,C_wtppm,CL_wtppm,CT_wtppm
0.0,0.0,0.0,0.0,0.0,0.0,0.0
120.0,5.41756105,4.52393103,0.895128235,0.69131781,0.577048157,0.114203629
600.0,9.15987968,7.7302866,1.43018174,1.1685847,0.986168579,0.182430878
1800.0,10.7959814,9.1329174,1.6638577,1.37730253,1.16500568,0.212250931
7200.0,10.9083443,9.23088169,1.67989993,1.39170849,1.17734671,0.214355606
