parameter,value
surface_H,6.224614268528622
DL,5.446599795115997e-10
