time,C_mol,CL_mol,CT_mol,C_wtppm,CL_wtppm,CT_wtppm
0.0,0.0,0.0,0.0,0.0,0.0,0.0
120.0,4.34287834,3.6013031,0.741572937,0.553962219,0.459355164,0.0945845337
600.0,6.92835426,5.81630516,1.1114105,0.883985535,0.742173706,0.141755951
1800.0,7.39854622,6.22024822,1.17866039,0.943934814,0.793552612,0.150360825
7200.0,7.405478,6.22324467,1.17958999,0.944848022,0.794363708,0.150402161
