parameter,value
surface_H,8.60699187785063
DL,1.0978888131557011e-10
