time,C_mol,CL_mol,CT_mol,C_wtppm,CL_wtppm,CT_wtppm
0.0,0.0,0.0,0.0,0.0,0.0,0.0
120.0,4.05869865,3.3588028,0.700802551,0.517785339,0.428433167,0.0894266129
600.0,6.40334558,5.36699581,1.03605843,0.816863098,0.684678467,0.132182114
1800.0,8.95730877,7.55630875,1.40125334,1.14273202,0.963796326,0.178752945
7200.0,10.1731157,8.59905434,1.57526243,1.29801333,1.09697342,0.200934341
