parameter,value
surface_H,8.832393014070838
DL,1.1358724312582172e-10
