time,C_mol,CL_mol,CT_mol,C_wtppm,CL_wtppm,CT_wtppm
0.0,0.0,0.0,0.0,0.0,0.0,0.0
120.0,4.18682957,3.46855354,0.719200195,0.53418042,0.44241391,0.0917281647
600.0,6.6416254,5.56888247,1.06980145,0.84696344,0.710656738,0.136502838
1800.0,9.2537756,7.81045485,1.44370234,1.18050098,0.99640094,0.184187057
7200.0,10.4397793,8.82519054,1.61281276,1.33162832,1.12588644,0.205749664
