parameter,value
surface_H,6.284121275087157
DL,2.2066806565045995e-10
