time,C_mol,CL_mol,CT_mol,C_wtppm,CL_wtppm,CT_wtppm
0.0,0.0,0.0,0.0,0.0,0.0,0.0
120.0,3.46872067,2.85161877,0.61651239,0.442375366,0.363785461,0.0786521912
600.0,5.82410192,4.87081003,0.953581482,0.743075256,0.621406006,0.121635941
1800.0,7.27086115,6.1105504,1.16031814,0.927623047,0.77949823,0.148028915
7200.0,7.47179461,6.28221416,1.18899381,0.953218079,0.801356201,0.151708435
