parameter,value
surface_H,7.323291405720776
DL,7.039011831925827e-10
