time,C_mol,CL_mol,CT_mol,C_wtppm,CL_wtppm,CT_wtppm
0.0,0.0,0.0,0.0,0.0,0.0,0.0
120.0,5.44386864,4.54453564,0.898979858,0.694293274,0.579669617,0.114696297
600.0,8.34923363,7.03470564,1.31435823,1.0650723,0.897276733,0.167677216
1800.0,8.68654346,7.32377434,1.36254489,1.10792422,0.933904724,0.173816422
7200.0,8.68728733,7.32500362,1.36294413,1.10802758,0.933997314,0.173826111
