parameter,value
surface_H,8.7171875
DL,6.596874999999998e-10
