parameter,value
surface_H,8.484103384090492
DL,2.37848288042767e-10
