time,C_mol,CL_mol,CT_mol,C_wtppm,CL_wtppm,CT_wtppm
0.0,0.0,0.0,0.0,0.0,0.0,0.0
120.0,4.71855974,3.92316532,0.795102905,0.601832764,0.500347076,0.101424278
600.0,7.97513199,6.71410942,1.2608552,1.0173645,0.856521423,0.160848557
1800.0,9.82069683,8.29585266,1.52467167,1.25318897,1.05835307,0.194539108
7200.0,10.0402117,8.48281288,1.55560505,1.28116357,1.08211744,0.19858371
