parameter,value
surface_H,9.568947033302814
DL,2.1945210761912424e-11
