time,C_mol,CL_mol,CT_mol,C_wtppm,CL_wtppm,CT_wtppm
0.0,0.0,0.0,0.0,0.0,0.0,0.0
120.0,3.77371407,3.11455321,0.660077454,0.481640564,0.397292969,0.084194809
600.0,4.55311823,3.78191137,0.771310059,0.580783997,0.482479431,0.0983952103
1800.0,6.09038305,5.09887075,0.991167053,0.776782715,0.650305115,0.126426758
7200.0,9.51781845,8.03547668,1.48118496,1.21412385,1.02520359,0.188953415
