parameter,value
surface_H,8.611708529522858
DL,1.0664335169540907e-10
