time,C_mol,CL_mol,CT_mol,C_wtppm,CL_wtppm,CT_wtppm
0.0,0.0,0.0,0.0,0.0,0.0,0.0
120.0,4.04023314,3.34171844,0.698184875,0.515487,0.426334625,0.0890665359
600.0,6.34732533,5.31801653,1.02795947,0.809811584,0.678525574,0.131149292
1800.0,8.90513325,7.51110506,1.39381874,1.13624084,0.958354309,0.177797333
7200.0,10.1760588,8.60199356,1.57561493,1.29857481,1.09749985,0.200981552
