parameter,value
surface_H,10.301616111676864
DL,5.126274366674797e-10
