time,C_mol,CL_mol,CT_mol,C_wtppm,CL_wtppm,CT_wtppm
0.0,0.0,0.0,0.0,0.0,0.0,0.0
120.0,6.97823811,5.86015892,1.11824799,0.890165161,0.74760791,0.142647293
600.0,11.2817783,9.5497551,1.73372543,1.43928838,1.21826422,0.22114859
1800.0,12.1464157,10.2913733,1.85712266,1.54955459,1.31297112,0.236914612
7200.0,12.1580925,10.3031235,1.85917187,1.55101049,1.31389737,0.237189392
