parameter,value
surface_H,8.006284340750833
DL,9.999999999999999e-10
