time,C_mol,CL_mol,CT_mol,C_wtppm,CL_wtppm,CT_wtppm
0.0,0.0,0.0,0.0,0.0,0.0,0.0
120.0,6.4897356,5.44049883,1.04863286,0.827877136,0.694113953,0.133751801
600.0,9.32010365,7.86742306,1.45305324,1.18904483,1.00367701,0.185402985
1800.0,9.48095512,8.00350761,1.47649944,1.20973337,1.02135122,0.188358322
7200.0,9.48114395,8.00350857,1.47649944,1.20975637,1.02135193,0.188358475
