parameter,value
surface_H,10.2015625
DL,5.978124999999999e-10
