parameter,value
surface_H,8.884122714549852
DL,1.1169295980964998e-10
