time,C_mol,CL_mol,CT_mol,C_wtppm,CL_wtppm,CT_wtppm
0.0,0.0,0.0,0.0,0.0,0.0,0.0
120.0,4.19853497,3.47785473,0.72073999,0.535619873,0.443688965,0.0919592209
600.0,6.64020681,5.57109785,1.07014811,0.847210449,0.710801086,0.136549942
1800.0,9.27281761,7.82844162,1.4465493,1.18309176,0.998612488,0.18454747
7200.0,10.4970684,8.87767506,1.62121439,1.33929896,1.13239348,0.206829865
