parameter,value
surface_H,7.172544851975429
DL,9.999999999999999e-10
