time,C_mol,CL_mol,CT_mol,C_wtppm,CL_wtppm,CT_wtppm
0.0,0.0,0.0,0.0,0.0,0.0,0.0
120.0,5.82819653,4.87380123,0.954116638,0.743549255,0.621816711,0.121708481
600.0,8.36516571,7.04790258,1.31665969,1.06720543,0.89895105,0.167951096
1800.0,8.51091099,7.17192268,1.33705878,1.08585322,0.914572144,0.170570786
7200.0,8.51117706,7.17192745,1.33706534,1.08585525,0.914572205,0.170570831
