parameter,value
surface_H,8.13926787199457
DL,9.14557315269788e-10
