time,C_mol,CL_mol,CT_mol,C_wtppm,CL_wtppm,CT_wtppm
0.0,0.0,0.0,0.0,0.0,0.0,0.0
120.0,6.45286703,5.40856028,1.04307818,0.823202637,0.690134155,0.133060745
600.0,9.43253136,7.96271086,1.4689486,1.20345557,1.01596165,0.187392075
1800.0,9.63665676,8.13945389,1.49882066,1.22975218,1.03867543,0.191070312
7200.0,9.63666058,8.1394825,1.4988277,1.2300905,1.03869879,0.191070435
