parameter,value
surface_H,8.961291532806573
DL,5.238627600486788e-10
