time,C_mol,CL_mol,CT_mol,C_wtppm,CL_wtppm,CT_wtppm
0.0,0.0,0.0,0.0,0.0,0.0,0.0
120.0,6.12445116,5.1290307,0.996188965,0.78123175,0.654302185,0.127111214
600.0,9.86113834,8.33254814,1.5305984,1.25800896,1.0628233,0.195241516
1800.0,10.587657,8.95408535,1.63412488,1.35053051,1.14210463,0.208470825
7200.0,10.5944099,8.96542931,1.63580525,1.35163128,1.14322519,0.208602509
