parameter,value
surface_H,7.8388503373377185
DL,2.3808471839563144e-11
