time,C_mol,CL_mol,CT_mol,C_wtppm,CL_wtppm,CT_wtppm
0.0,0.0,0.0,0.0,0.0,0.0,0.0
120.0,3.1324873,2.56391644,0.568214966,0.399482422,0.32701828,0.072489212
600.0,3.81720543,3.14983606,0.666251465,0.486820312,0.401939941,0.0850083389
1800.0,5.14621258,4.28953552,0.856458923,0.656411377,0.54722345,0.109267258
7200.0,7.98174191,6.72160196,1.2622242,1.01845515,0.857405518,0.160998276
