parameter,value
surface_H,8.839184568774098
DL,1.192204145269145e-10
