time,C_mol,CL_mol,CT_mol,C_wtppm,CL_wtppm,CT_wtppm
0.0,0.0,0.0,0.0,0.0,0.0,0.0
120.0,4.22754526,3.50215077,0.724994507,0.539297852,0.446819397,0.0924923782
600.0,6.74912357,5.6633172,1.08552766,0.861132324,0.72248822,0.13851236
1800.0,9.35318661,7.89473581,1.45770943,1.19304001,1.007043,0.185957138
7200.0,10.4485512,8.83493137,1.61393905,1.33280098,1.12691057,0.205967468
