parameter,value
surface_H,6.208013441363994
DL,7.332782749678596e-10
