time,C_mol,CL_mol,CT_mol,C_wtppm,CL_wtppm,CT_wtppm
0.0,0.0,0.0,0.0,0.0,0.0,0.0
120.0,4.68577957,3.89508605,0.790491394,0.597653442,0.496777466,0.100869644
600.0,7.12369013,5.98310375,1.13899374,0.908658508,0.763251221,0.145331726
1800.0,7.38402891,6.20609093,1.17605555,0.941739319,0.791585754,0.150067307
7200.0,7.38682222,6.20695543,1.17610288,0.941802612,0.791604492,0.150084503
