parameter,value
surface_H,8.60260314761846
DL,1.0855967848644342e-10
