time,C_mol,CL_mol,CT_mol,C_wtppm,CL_wtppm,CT_wtppm
0.0,0.0,0.0,0.0,0.0,0.0,0.0
120.0,4.04908943,3.34945631,0.69934967,0.516599854,0.427305542,0.0892290039
600.0,6.37556648,5.34409142,1.03245199,0.813631287,0.681864685,0.131703308
1800.0,8.9295969,7.53361845,1.39729595,1.13940883,0.961084351,0.17827832
7200.0,10.167697,8.59496784,1.57411957,1.29728115,1.0963167,0.200842361
