parameter,value
surface_H,8.658268872250616
DL,1.0035094089118199e-10
