time,C_mol,CL_mol,CT_mol,C_wtppm,CL_wtppm,CT_wtppm
0.0,0.0,0.0,0.0,0.0,0.0,0.0
120.0,4.02002573,3.32425094,0.695179321,0.512730713,0.424115326,0.0886710205
600.0,6.25740671,5.24037409,1.01490939,0.798186035,0.668622742,0.129495544
1800.0,8.8312664,7.44704199,1.38305819,1.12654686,0.950244263,0.176446228
7200.0,10.2281313,8.64401627,1.58270741,1.30499375,1.10297835,0.201884155
