parameter,value
surface_H,7.73153244252387
DL,8.023726336662316e-11
