time,C_mol,CL_mol,CT_mol,C_wtppm,CL_wtppm,CT_wtppm
0.0,0.0,0.0,0.0,0.0,0.0,0.0
120.0,3.4802413,2.86246538,0.618211121,0.444005066,0.365182892,0.078833519
600.0,5.21527338,4.34890079,0.866078918,0.665088989,0.554689209,0.110501617
1800.0,7.46780539,6.28046274,1.18837857,0.952750549,0.801233521,0.15163353
7200.0,9.11662769,7.69325542,1.42387938,1.16303456,0.98143396,0.181686386
