parameter,value
surface_H,9.481657906156407
DL,2.51581806464393e-10
