time,C_mol,CL_mol,CT_mol,C_wtppm,CL_wtppm,CT_wtppm
0.0,0.0,0.0,0.0,0.0,0.0,0.0
120.0,5.32974911,4.44677258,0.882513977,0.680069519,0.567305969,0.112587509
600.0,9.02682114,7.61594009,1.41128099,1.15168095,0.971515503,0.180017868
1800.0,10.9974279,9.30597305,1.69273257,1.40302002,1.18721688,0.215957886
7200.0,11.2081251,9.48070335,1.72244978,1.42961097,1.20970225,0.219720337
