parameter,value
surface_H,8.607311623385375
DL,1.069965963741242e-10
