time,C_mol,CL_mol,CT_mol,C_wtppm,CL_wtppm,CT_wtppm
0.0,0.0,0.0,0.0,0.0,0.0,0.0
120.0,4.04135132,3.34251714,0.698202881,0.515427002,0.426437592,0.089095047
600.0,6.35090876,5.32181311,1.02855492,0.809974915,0.678936035,0.131229248
1800.0,8.90767956,7.51397753,1.39419615,1.13633835,0.958368408,0.177866516
7200.0,10.1729174,8.59829998,1.57501435,1.29792309,1.09684289,0.200918228
