parameter,value
surface_H,8.041586989540459
DL,1.6586043723374899e-10
