time,C_mol,CL_mol,CT_mol,C_wtppm,CL_wtppm,CT_wtppm
0.0,0.0,0.0,0.0,0.0,0.0,0.0
120.0,4.1220603,3.41193056,0.709941589,0.525887024,0.435395691,0.0905670166
600.0,6.82583284,5.72960901,1.09648025,0.870721985,0.730812256,0.139864059
1800.0,8.99731636,7.590137,1.40657711,1.14756465,0.968185181,0.179428238
7200.0,9.52466583,8.04297352,1.48166227,1.21485317,1.02574587,0.189002808
