parameter,value
surface_H,9.986316182558298
DL,3.2306959657007566e-10
