time,C_mol,CL_mol,CT_mol,C_wtppm,CL_wtppm,CT_wtppm
0.0,0.0,0.0,0.0,0.0,0.0,0.0
120.0,5.9779501,5.00184393,0.975388733,0.76249353,0.638193237,0.12440493
600.0,10.0814114,8.52077389,1.56169796,1.28605938,1.08682537,0.199271469
1800.0,11.6988811,9.90763474,1.79279613,1.49267173,1.26410556,0.228766449
7200.0,11.789465,9.98822784,1.80565572,1.50413895,1.27371645,0.230461319
