parameter,value
surface_H,8.605288777843823
DL,1.0978427690611717e-10
