time,C_mol,CL_mol,CT_mol,C_wtppm,CL_wtppm,CT_wtppm
0.0,0.0,0.0,0.0,0.0,0.0,0.0
120.0,4.05816746,3.35656929,0.700779053,0.517697815,0.42833783,0.089418869
600.0,6.40208006,5.36550951,1.03590393,0.816749634,0.684417114,0.132172775
1800.0,8.9549818,7.55454683,1.40072441,1.14255941,0.963669006,0.178724731
7200.0,10.1719952,8.59753609,1.57470095,1.29790163,1.0968082,0.200906677
