parameter,value
surface_H,8.606702634786112
DL,1.0979198065157952e-10
