time,C_mol,CL_mol,CT_mol,C_wtppm,CL_wtppm,CT_wtppm
0.0,0.0,0.0,0.0,0.0,0.0,0.0
120.0,4.05866957,3.35877824,0.700800232,0.517782166,0.428421783,0.0894262848
600.0,6.40316629,5.36687565,1.0360527,0.816859192,0.684664429,0.132181641
1800.0,8.95723057,7.55625343,1.40122283,1.14266229,0.963787903,0.178749405
7200.0,10.1730089,8.59892273,1.57521272,1.29799736,1.09695983,0.200928497
