parameter,value
surface_H,7.736395419135601
DL,9.933105739069213e-10
