time,C_mol,CL_mol,CT_mol,C_wtppm,CL_wtppm,CT_wtppm
0.0,0.0,0.0,0.0,0.0,0.0,0.0
120.0,6.2654438,5.24794006,1.01639533,0.799397461,0.669652588,0.129680573
600.0,9.00845432,7.60000134,1.40855169,1.14923584,0.969487305,0.17968222
1800.0,9.16681385,7.73499537,1.43091428,1.16947401,0.986765808,0.182614838
7200.0,9.16681957,7.73528767,1.43091428,1.16948259,0.986767395,0.182614838
