parameter,value
surface_H,7.383352247672105
DL,2.3467471719720134e-10
