time,C_mol,CL_mol,CT_mol,C_wtppm,CL_wtppm,CT_wtppm
0.0,0.0,0.0,0.0,0.0,0.0,0.0
120.0,4.11050177,3.40237832,0.708339722,0.524394287,0.434047668,0.0903678513
600.0,6.93220139,5.82185173,1.11203432,0.884625427,0.742664246,0.141871231
1800.0,8.55658531,7.21404409,1.34399056,1.0917567,0.920147583,0.17148201
7200.0,8.75276947,7.3866291,1.37218189,1.11716628,0.941778931,0.175134567
