parameter,value
surface_H,7.641320499173956
DL,1.4807556884747864e-10
