time,C_mol,CL_mol,CT_mol,C_wtppm,CL_wtppm,CT_wtppm
0.0,0.0,0.0,0.0,0.0,0.0,0.0
120.0,3.83211851,3.16277957,0.668389771,0.48878067,0.403547302,0.0852822723
600.0,6.27061844,5.25170279,1.01701832,0.799878052,0.670035828,0.129768112
1800.0,8.41937256,7.09405327,1.32409322,1.07413208,0.905014771,0.168970886
7200.0,9.05839825,7.64061642,1.41508758,1.15546489,0.974665588,0.180609756
