parameter,value
surface_H,7.1332118352935545
DL,9.999999999999999e-10
