time,C_mol,CL_mol,CT_mol,C_wtppm,CL_wtppm,CT_wtppm
0.0,0.0,0.0,0.0,0.0,0.0,0.0
120.0,5.79672146,4.8474493,0.949411438,0.73970575,0.618375061,0.121131134
600.0,8.31989765,7.00996494,1.31012082,1.06143951,0.89428186,0.167135956
1800.0,8.46598721,7.13645458,1.33090901,1.0797683,0.910131592,0.169784958
7200.0,8.46605015,7.13645554,1.33090937,1.07976985,0.910131836,0.169784973
