parameter,value
surface_H,8.658839520203909
DL,1.0030383715287412e-10
