time,C_mol,CL_mol,CT_mol,C_wtppm,CL_wtppm,CT_wtppm
0.0,0.0,0.0,0.0,0.0,0.0,0.0
120.0,4.01992893,3.32402563,0.695308167,0.512692139,0.42411087,0.0886669846
600.0,6.25692177,5.23993158,1.01509166,0.798120544,0.668550659,0.129475418
1800.0,8.83094883,7.4464736,1.38322556,1.12649691,0.950162415,0.176425003
7200.0,10.2283344,8.64420795,1.58304298,1.30502033,1.10300565,0.201891602
