parameter,value
surface_H,8.075756430865976
DL,8.476804396360808e-11
