time,C_mol,CL_mol,CT_mol,C_wtppm,CL_wtppm,CT_wtppm
0.0,0.0,0.0,0.0,0.0,0.0,0.0
120.0,3.65856934,3.01476884,0.643727722,0.466710144,0.384698883,0.0821026306
600.0,5.53600931,4.62450218,0.912307129,0.7062724,0.589764954,0.116366142
1800.0,7.90892553,6.65851927,1.25146806,1.00910091,0.849316284,0.159643478
7200.0,9.52719402,8.0451107,1.48268235,1.21537352,1.02619529,0.189131424
