parameter,value
surface_H,8.829080773757692
DL,1.189061060904288e-10
