time,C_mol,CL_mol,CT_mol,C_wtppm,CL_wtppm,CT_wtppm
0.0,0.0,0.0,0.0,0.0,0.0,0.0
120.0,4.2209301,3.49619913,0.723847961,0.538433838,0.446049377,0.0923471909
600.0,6.73547363,5.65169287,1.08374763,0.859339417,0.721043152,0.138249496
1800.0,9.33562851,7.88126087,1.45537138,1.19123054,1.0054661,0.185707382
7200.0,10.4372959,8.82393169,1.61271572,1.33169317,1.12568116,0.205722382
