parameter,value
surface_H,9.97379664438872
DL,4.801838335569372e-11
