time,C_mol,CL_mol,CT_mol,C_wtppm,CL_wtppm,CT_wtppm
0.0,0.0,0.0,0.0,0.0,0.0,0.0
120.0,4.17312956,3.45581937,0.717056946,0.532359558,0.440866669,0.0914604492
600.0,5.72363806,4.78261805,0.93863031,0.729870605,0.610145264,0.119756622
1800.0,8.21284294,6.91749477,1.29505122,1.04775095,0.882524353,0.165200745
7200.0,11.3982687,9.6466608,1.74985838,1.45405376,1.23087645,0.223201691
