parameter,value
surface_H,8.617778328997538
DL,1.0700703199624525e-10
