time,C_mol,CL_mol,CT_mol,C_wtppm,CL_wtppm,CT_wtppm
0.0,0.0,0.0,0.0,0.0,0.0,0.0
120.0,4.04568052,3.34715772,0.698938782,0.516123779,0.427070801,0.089187973
600.0,6.35862112,5.32935905,1.02969587,0.811232117,0.679810242,0.131370102
1800.0,8.9184351,7.52363348,1.39547467,1.13772309,0.959722595,0.178040863
7200.0,10.1856375,8.60904694,1.57653582,1.29923368,1.09828186,0.201138885
