parameter,value
surface_H,8.6576737555441
DL,1.0068702806582951e-10
