time,C_mol,CL_mol,CT_mol,C_wtppm,CL_wtppm,CT_wtppm
0.0,0.0,0.0,0.0,0.0,0.0,0.0
120.0,4.02149248,3.32541299,0.695489197,0.51310553,0.424279633,0.0887163315
600.0,6.26328993,5.24631548,1.01588476,0.798822449,0.66937146,0.129619843
1800.0,8.83833599,7.45227861,1.38389623,1.12735057,0.950920227,0.176552933
7200.0,10.2280331,8.64368916,1.58268607,1.30494487,1.10296631,0.201882523
