parameter,value
surface_H,8.470881179692348
DL,1.5835255399743418e-10
