time,C_mol,CL_mol,CT_mol,C_wtppm,CL_wtppm,CT_wtppm
0.0,0.0,0.0,0.0,0.0,0.0,0.0
120.0,4.29181051,3.5574472,0.73415094,0.54760199,0.453883789,0.0936780548
600.0,7.08122873,5.9470787,1.13290906,0.903376831,0.758777832,0.144556763
1800.0,9.41047096,7.94313145,1.46567976,1.20033121,1.0133009,0.18700824
7200.0,10.0271845,8.46908569,1.5537771,1.27863336,1.08058035,0.198233429
