parameter,value
surface_H,9.128069003955746
DL,3.0773108131415387e-10
