time,C_mol,CL_mol,CT_mol,C_wtppm,CL_wtppm,CT_wtppm
0.0,0.0,0.0,0.0,0.0,0.0,0.0
120.0,5.40655422,4.51253891,0.893743408,0.689853027,0.575680969,0.114001671
600.0,9.13029957,7.70281076,1.4259758,1.16451561,0.98261853,0.181914444
1800.0,10.6910973,9.03990173,1.64884543,1.36383259,1.15327775,0.210366486
7200.0,10.7900667,9.12576866,1.66378617,1.37629128,1.16416144,0.212266663
