parameter,value
surface_H,9.444162846887341
DL,1.5934291543324117e-10
