time,C_mol,CL_mol,CT_mol,C_wtppm,CL_wtppm,CT_wtppm
0.0,0.0,0.0,0.0,0.0,0.0,0.0
120.0,4.7742672,3.97185826,0.803517395,0.609242981,0.506877289,0.102475655
600.0,7.89268351,6.6427474,1.24915886,1.00694644,0.847651855,0.15936116
1800.0,10.4820766,8.86275864,1.61920464,1.33737767,1.13087761,0.206544815
7200.0,11.1568613,9.44034863,1.7153089,1.42316127,1.20461082,0.21884668
