parameter,value
surface_H,7.2328125
DL,7.215624999999999e-10
