parameter,value
surface_H,8.60714288644589
DL,1.0697563899600903e-10
