time,C_mol,CL_mol,CT_mol,C_wtppm,CL_wtppm,CT_wtppm
0.0,0.0,0.0,0.0,0.0,0.0,0.0
120.0,4.04005003,3.34243226,0.698163208,0.515421387,0.426421692,0.0890935211
600.0,6.34959269,5.32138014,1.02840793,0.809941345,0.678902649,0.131211609
1800.0,8.90663624,7.51321793,1.39413762,1.13622332,0.958343384,0.177850098
7200.0,10.1724091,8.59822941,1.57494748,1.29791892,1.0967859,0.200915894
