parameter,value
surface_H,8.079834629511053
DL,6.288116650977539e-10
