time,C_mol,CL_mol,CT_mol,C_wtppm,CL_wtppm,CT_wtppm
0.0,0.0,0.0,0.0,0.0,0.0,0.0
120.0,5.81357622,4.86212111,0.951890259,0.741801208,0.620341187,0.121464874
600.0,9.09749889,7.67666197,1.4214586,1.1606915,0.979543091,0.181355118
1800.0,9.56388569,8.0775547,1.48821068,1.22012806,1.03054833,0.189890915
7200.0,9.56503391,8.07919598,1.4883008,1.22027791,1.03113711,0.189933594
