parameter,value
surface_H,8.822437465212923
DL,2.4482064942879047e-10
