time,C_mol,CL_mol,CT_mol,C_wtppm,CL_wtppm,CT_wtppm
0.0,0.0,0.0,0.0,0.0,0.0,0.0
120.0,4.93546247,4.10898972,0.826066711,0.629718811,0.524320557,0.105384666
600.0,8.35075665,7.03676319,1.31447411,1.06529975,0.897584412,0.167674698
1800.0,10.2259655,8.64341164,1.58257031,1.30467188,1.10255837,0.201855362
7200.0,10.4369202,8.8232832,1.61241198,1.33169758,1.12531185,0.20560173
