parameter,value
surface_H,7.313336428981646
DL,7.635889594791955e-10
