time,C_mol,CL_mol,CT_mol,C_wtppm,CL_wtppm,CT_wtppm
0.0,0.0,0.0,0.0,0.0,0.0,0.0
120.0,5.55221224,4.63696861,0.914533936,0.708326538,0.591642639,0.116662636
600.0,8.39222527,7.0715127,1.32057834,1.07063961,0.902169861,0.168454773
1800.0,8.673563,7.31252384,1.36045897,1.10640097,0.933180054,0.17356488
7200.0,8.67438698,7.31256104,1.36048436,1.10675275,0.933210999,0.173660828
