parameter,value
surface_H,8.419099908239726
DL,1.569230769290471e-10
