time,C_mol,CL_mol,CT_mol,C_wtppm,CL_wtppm,CT_wtppm
0.0,0.0,0.0,0.0,0.0,0.0,0.0
120.0,4.25827456,3.52935553,0.729317017,0.543295654,0.450294434,0.0930424576
600.0,7.01927853,5.89476061,1.12418973,0.895467651,0.752049561,0.143411224
1800.0,9.34212208,7.88508415,1.45619655,1.19172812,1.00592279,0.185753906
7200.0,9.96633148,8.41945744,1.54488325,1.27090251,1.07416785,0.197144913
