parameter,value
surface_H,8.578000861481321
DL,1.07709468033916e-10
