time,C_mol,CL_mol,CT_mol,C_wtppm,CL_wtppm,CT_wtppm
0.0,0.0,0.0,0.0,0.0,0.0,0.0
120.0,4.03262472,3.3357563,0.697023071,0.514536194,0.425583618,0.08892453
600.0,6.34308147,5.31456709,1.02753317,0.809117249,0.678113831,0.131089447
1800.0,8.89146137,7.4989233,1.39153314,1.13402486,0.95662561,0.177524139
7200.0,10.1395969,8.56881237,1.57006788,1.2935468,1.09315681,0.200326889
