parameter,value
surface_H,6.592498445472633
DL,8.43082829710804e-10
