time,C_mol,CL_mol,CT_mol,C_wtppm,CL_wtppm,CT_wtppm
0.0,0.0,0.0,0.0,0.0,0.0,0.0
120.0,5.14648962,4.29077625,0.856605957,0.65657373,0.547323547,0.109271667
600.0,7.62917614,6.41928101,1.21146572,0.973440491,0.818889343,0.154583344
1800.0,7.83144712,6.59346628,1.2407527,0.999588013,0.841271851,0.158224823
7200.0,7.83153915,6.59352398,1.24075961,0.99962207,0.841276306,0.158237701
