parameter,value
surface_H,7.108753372469298
DL,7.446744527133699e-10
