time,C_mol,CL_mol,CT_mol,C_wtppm,CL_wtppm,CT_wtppm
0.0,0.0,0.0,0.0,0.0,0.0,0.0
120.0,5.36570215,4.47742271,0.887830933,0.68458429,0.571350159,0.113258171
600.0,8.14588356,6.86063528,1.28512263,1.03907597,0.875077881,0.163961029
1800.0,8.43661594,7.10907125,1.32679105,1.07593131,0.906593567,0.169269287
7200.0,8.43683338,7.10932255,1.32680607,1.07595181,0.906661255,0.169272034
