parameter,value
surface_H,8.66134757233398
DL,9.977027786653494e-11
