time,C_mol,CL_mol,CT_mol,C_wtppm,CL_wtppm,CT_wtppm
0.0,0.0,0.0,0.0,0.0,0.0,0.0
120.0,4.01771641,3.32224631,0.694776367,0.512549988,0.423759735,0.0886417236
600.0,6.24776363,5.23358202,1.01376045,0.796948059,0.667670044,0.129336487
1800.0,8.82266235,7.43875408,1.38185978,1.12544703,0.94910675,0.176260895
7200.0,10.2309923,8.64662743,1.58319235,1.30523586,1.10321116,0.201936111
