parameter,value
surface_H,8.421764794294608
DL,1.570722688318516e-10
