time,C_mol,CL_mol,CT_mol,C_wtppm,CL_wtppm,CT_wtppm
0.0,0.0,0.0,0.0,0.0,0.0,0.0
120.0,4.26192188,3.53061867,0.729582458,0.543522339,0.45043277,0.0930984192
600.0,7.02325869,5.89746284,1.12476814,0.89593457,0.752462708,0.143504944
1800.0,9.34587669,7.88870096,1.45676279,1.19227302,1.0063442,0.185844772
7200.0,9.96834373,8.42036247,1.5458231,1.27129269,1.07423341,0.197220032
