parameter,value
surface_H,7.9669582160429755
DL,6.60130566305837e-10
