time,C_mol,CL_mol,CT_mol,C_wtppm,CL_wtppm,CT_wtppm
0.0,0.0,0.0,0.0,0.0,0.0,0.0
120.0,5.80942106,4.85857582,0.951295471,0.741157227,0.619804688,0.121349884
600.0,9.01663685,7.60728884,1.4097017,1.15012527,0.970437134,0.17986145
1800.0,9.43658066,7.96725512,1.46896577,1.20335102,1.01590192,0.187487595
7200.0,9.43745232,7.96851826,1.46906698,1.20348847,1.01605558,0.187499954
