parameter,value
surface_H,8.657129767428911
DL,1.0047019610762973e-10
