time,C_mol,CL_mol,CT_mol,C_wtppm,CL_wtppm,CT_wtppm
0.0,0.0,0.0,0.0,0.0,0.0,0.0
120.0,4.02030277,3.32409644,0.695356384,0.512921021,0.424156281,0.0886821442
600.0,6.25717926,5.24295282,1.01528955,0.798343872,0.668829956,0.129525543
1800.0,8.83074665,7.44764233,1.38327074,1.12649536,0.950088928,0.176482544
7200.0,10.2257748,8.64309978,1.58262718,1.30432796,1.10267377,0.201869568
