parameter,value
surface_H,8.8074944644308
DL,1.2160792051082562e-10
