time,C_mol,CL_mol,CT_mol,C_wtppm,CL_wtppm,CT_wtppm
0.0,0.0,0.0,0.0,0.0,0.0,0.0
120.0,4.22793198,3.50288677,0.724931946,0.539438171,0.446932373,0.0924919434
600.0,6.76883936,5.67955589,1.08829296,0.863342468,0.724597656,0.138839294
1800.0,9.35518646,7.89821243,1.45790124,1.19336307,1.00748527,0.186056046
7200.0,10.4112625,8.80381012,1.60925007,1.32824194,1.12299812,0.20526799
