parameter,value
surface_H,7.168480579962233
DL,7.909883372510403e-10
