time,C_mol,CL_mol,CT_mol,C_wtppm,CL_wtppm,CT_wtppm
0.0,0.0,0.0,0.0,0.0,0.0,0.0
120.0,5.49452686,4.58835316,0.906127197,0.700952393,0.585245972,0.115596588
600.0,8.24901009,6.95062065,1.29999447,1.05254948,0.886466675,0.165849503
1800.0,8.5025444,7.16999865,1.3361944,1.08505559,0.91417926,0.170449173
7200.0,8.50279903,7.17088223,1.33621967,1.08551276,0.914188477,0.170452225
