time,C_mol,CL_mol,CT_mol,C_wtppm,CL_wtppm,CT_wtppm
0.0,0.0,0.0,0.0,0.0,0.0,0.0
120.0,8.34768295,7.03292322,1.31402755,1.06498027,0.897257935,0.167641266
600.0,12.0078316,10.1703272,1.83686864,1.53192985,1.29733276,0.234336578
1800.0,12.2182903,10.3464556,1.86710739,1.55859149,1.32031631,0.238188889
7200.0,12.2182913,10.3464642,1.86712587,1.55859256,1.32031703,0.238189026
