parameter,value
surface_H,8.688754733420485
DL,2.2479478193818594e-10
