time,C_mol,CL_mol,CT_mol,C_wtppm,CL_wtppm,CT_wtppm
0.0,0.0,0.0,0.0,0.0,0.0,0.0
120.0,4.7626667,3.96089911,0.801556458,0.607553772,0.505288605,0.102267426
600.0,8.04143524,6.77045536,1.27011251,1.02564704,0.863892517,0.162020676
1800.0,10.0158062,8.4622364,1.55230784,1.27755439,1.07965302,0.198023117
7200.0,10.2806702,8.68767071,1.5898577,1.31141067,1.10895908,0.202773239
