parameter,value
surface_H,8.661583157926934
DL,1.0081176406571961e-10
