time,C_mol,CL_mol,CT_mol,C_wtppm,CL_wtppm,CT_wtppm
0.0,0.0,0.0,0.0,0.0,0.0,0.0
120.0,4.02412987,3.32886314,0.695954224,0.513413269,0.424597412,0.0887815475
600.0,6.2692132,5.25085926,1.01688409,0.799671509,0.669987671,0.12970224
1800.0,8.84298038,7.45790911,1.38488817,1.12823164,0.951589783,0.176641739
7200.0,10.2324877,8.64726639,1.58336627,1.30536747,1.10334277,0.201953369
