parameter,value
surface_H,10.056485035130443
DL,6.09810435241084e-10
