time,C_mol,CL_mol,CT_mol,C_wtppm,CL_wtppm,CT_wtppm
0.0,0.0,0.0,0.0,0.0,0.0,0.0
120.0,7.14293194,6.00072956,1.14174008,0.911298889,0.765642334,0.145681152
600.0,11.2532349,9.52626801,1.72901464,1.43593466,1.21500516,0.220600128
1800.0,11.8724775,10.0538177,1.81686926,1.51457918,1.28225613,0.23187735
7200.0,11.8749676,10.0597143,1.81723976,1.51533592,1.28263581,0.231932007
