parameter,value
surface_H,8.941892421372813
DL,1.5149738912983776e-10
