time,C_mol,CL_mol,CT_mol,C_wtppm,CL_wtppm,CT_wtppm
0.0,0.0,0.0,0.0,0.0,0.0,0.0
120.0,4.4807806,3.72053814,0.761365234,0.571590088,0.474545105,0.0971169739
600.0,7.36486483,6.19034386,1.17383504,0.939674072,0.789857422,0.149722946
1800.0,9.86189461,8.33041763,1.53046906,1.25802743,1.06282413,0.19523172
7200.0,10.5715446,8.93911171,1.63253212,1.34872556,1.14063179,0.208137909
