parameter,value
surface_H,8.843286286124073
DL,1.1755389094787007e-10
