time,C_mol,CL_mol,CT_mol,C_wtppm,CL_wtppm,CT_wtppm
0.0,0.0,0.0,0.0,0.0,0.0,0.0
120.0,4.21892595,3.49476242,0.723785156,0.538075867,0.445910614,0.0923086929
600.0,6.72075987,5.64020109,1.08166683,0.857500916,0.719616455,0.137977371
1800.0,9.32922935,7.87560129,1.4545846,1.19030678,1.00486445,0.185560211
7200.0,10.451807,8.83882999,1.61479735,1.33346105,1.12741423,0.206020859
