parameter,value
surface_H,8.659580850558312
DL,1.0024922534785376e-10
