parameter,value
surface_H,6.032359468409935
DL,4.2101968861297944e-10
