time,C_mol,CL_mol,CT_mol,C_wtppm,CL_wtppm,CT_wtppm
0.0,0.0,0.0,0.0,0.0,0.0,0.0
120.0,3.93198752,3.248981,0.682795898,0.501661591,0.414440979,0.0870915756
600.0,6.46786499,5.42238808,1.04557228,0.825269287,0.691858582,0.13337767
1800.0,7.15938616,6.01585102,1.14440835,0.913622437,0.767471558,0.14599292
7200.0,7.17602921,6.03148603,1.14714074,0.916009155,0.769533142,0.146334305
