parameter,value
surface_H,9.90272544641311
DL,4.926840628127834e-10
