time,C_mol,CL_mol,CT_mol,C_wtppm,CL_wtppm,CT_wtppm
0.0,0.0,0.0,0.0,0.0,0.0,0.0
120.0,6.6405077,5.5714283,1.07026494,0.847378052,0.710742065,0.136532944
600.0,10.7899485,9.12810898,1.66333747,1.3767519,1.16457808,0.212186615
1800.0,11.6779509,9.89068127,1.79030788,1.49023151,1.26175892,0.22836116
7200.0,11.6900444,9.90550613,1.79275727,1.4921689,1.26312125,0.228611343
