parameter,value
surface_H,8.610607749838485
DL,1.0548814454117321e-10
