time,C_mol,CL_mol,CT_mol,C_wtppm,CL_wtppm,CT_wtppm
0.0,0.0,0.0,0.0,0.0,0.0,0.0
120.0,4.03217316,3.3355391,0.696953247,0.514410217,0.425584045,0.0889343948
600.0,6.3246665,5.29777384,1.02462351,0.806711792,0.676034424,0.130730835
1800.0,8.88286304,7.49186945,1.39048314,1.13304484,0.955719177,0.177380615
7200.0,10.1748438,8.6008625,1.57540274,1.2981745,1.09710813,0.2009561
