parameter,value
surface_H,8.606622287836299
DL,1.0724819949766451e-10
