time,C_mol,CL_mol,CT_mol,C_wtppm,CL_wtppm,CT_wtppm
0.0,0.0,0.0,0.0,0.0,0.0,0.0
120.0,4.04239893,3.34456778,0.698393982,0.515767822,0.426610748,0.0891203995
600.0,6.35448074,5.32637167,1.02921188,0.81071936,0.67930249,0.13130896
1800.0,8.91029835,7.51679277,1.39468527,1.13691437,0.958859558,0.177948105
7200.0,10.1721706,8.5980978,1.57491291,1.29790318,1.09668803,0.200908829
