parameter,value
surface_H,7.14499491925005
DL,9.999999999999999e-10
