time,C_mol,CL_mol,CT_mol,C_wtppm,CL_wtppm,CT_wtppm
0.0,0.0,0.0,0.0,0.0,0.0,0.0
120.0,5.80663157,4.85570717,0.950878174,0.740721497,0.619537048,0.121293396
600.0,8.33372021,7.02056503,1.31194603,1.06317294,0.895707153,0.167358185
1800.0,8.47943592,7.14377308,1.33231139,1.0817076,0.91171344,0.169961792
7200.0,8.47947598,7.14377356,1.33231151,1.0817076,0.911717896,0.169962189
