parameter,value
surface_H,7.701251864541597
DL,7.475336674888654e-10
