time,C_mol,CL_mol,CT_mol,C_wtppm,CL_wtppm,CT_wtppm
0.0,0.0,0.0,0.0,0.0,0.0,0.0
120.0,5.80738735,4.85695505,0.951016235,0.740766418,0.619403809,0.121318398
600.0,8.81478786,7.43471384,1.38092458,1.1246568,0.948407715,0.176178925
1800.0,9.12510109,7.70228577,1.42562389,1.16409445,0.982407532,0.181784821
7200.0,9.12519455,7.70275974,1.42571473,1.16413796,0.982481567,0.181793243
