parameter,value
surface_H,10.025545522477316
DL,8.306666894443792e-10
