time,C_mol,CL_mol,CT_mol,C_wtppm,CL_wtppm,CT_wtppm
0.0,0.0,0.0,0.0,0.0,0.0,0.0
120.0,7.72517967,6.49981976,1.22477293,0.985351746,0.829316101,0.1562686
600.0,11.5194969,9.75393867,1.76706457,1.46985662,1.24416554,0.225441956
1800.0,11.8415031,10.0285568,1.81250954,1.51060474,1.27872455,0.231325806
7200.0,11.8417082,10.0288324,1.81251538,1.51071489,1.27873242,0.231326981
