parameter,value
surface_H,8.656176089251213
DL,1.0050489967158983e-10
