time,C_mol,CL_mol,CT_mol,C_wtppm,CL_wtppm,CT_wtppm
0.0,0.0,0.0,0.0,0.0,0.0,0.0
120.0,4.02027464,3.324229,0.695326294,0.51291272,0.424150513,0.0886950531
600.0,6.25723648,5.24318218,1.01539743,0.798399292,0.668845886,0.12953244
1800.0,8.83100414,7.447855,1.38326466,1.12652791,0.950117859,0.176480408
7200.0,10.2253885,8.64255333,1.58256984,1.30413556,1.10256124,0.201854553
