parameter,value
surface_H,9.649743872832786
DL,3.753686951457244e-11
