time,C_mol,CL_mol,CT_mol,C_wtppm,CL_wtppm,CT_wtppm
0.0,0.0,0.0,0.0,0.0,0.0,0.0
120.0,3.94921589,3.26358056,0.685076355,0.5037771,0.416479553,0.0873892517
600.0,5.18392181,4.32237148,0.861660828,0.6614151,0.551338928,0.109933693
1800.0,7.32956171,6.15985155,1.16817629,0.934898132,0.785681152,0.149032043
7200.0,10.7105284,9.05833435,1.65145957,1.36605954,1.1552726,0.210671143
