parameter,value
surface_H,8.659525664241947
DL,1.0011339291301756e-10
