time,C_mol,CL_mol,CT_mol,C_wtppm,CL_wtppm,CT_wtppm
0.0,0.0,0.0,0.0,0.0,0.0,0.0
120.0,4.01802158,3.32350087,0.695150452,0.512610229,0.424022034,0.0886646652
600.0,6.25267458,5.23677921,1.01465678,0.797460815,0.668166565,0.129413849
1800.0,8.82822227,7.44338512,1.38279605,1.12612689,0.949763184,0.176358063
7200.0,10.2287703,8.64457989,1.58306611,1.30508757,1.10309625,0.201906876
