parameter,value
surface_H,7.160366956747384
DL,6.790567589183749e-10
