time,C_mol,CL_mol,CT_mol,C_wtppm,CL_wtppm,CT_wtppm
0.0,0.0,0.0,0.0,0.0,0.0,0.0
120.0,5.27578163,4.40054083,0.875069641,0.672992126,0.561291382,0.11161525
600.0,8.14061451,6.85539341,1.2845391,1.03845322,0.874662048,0.163895035
1800.0,8.49601841,7.15766478,1.3353883,1.08363605,0.913485596,0.170363007
7200.0,8.49734974,7.15937948,1.33565485,1.08373082,0.913671997,0.17037793
