parameter,value
surface_H,9.217235862833789
DL,4.6328164323251007e-11
