time,C_mol,CL_mol,CT_mol,C_wtppm,CL_wtppm,CT_wtppm
0.0,0.0,0.0,0.0,0.0,0.0,0.0
120.0,3.85314441,3.18163061,0.671329468,0.491433716,0.405802582,0.0856288605
600.0,5.24455261,4.37505341,0.870501953,0.669172363,0.558096375,0.111075241
1800.0,7.51135206,6.3185339,1.19463158,0.95847937,0.805988464,0.152412766
7200.0,10.5073423,8.88432407,1.62253392,1.34038115,1.13338947,0.206974258
