parameter,value
surface_H,8.954397626691842
DL,1.0827770508225369e-10
