time,C_mol,CL_mol,CT_mol,C_wtppm,CL_wtppm,CT_wtppm
0.0,0.0,0.0,0.0,0.0,0.0,0.0
120.0,4.20689201,3.48494482,0.721943542,0.536695312,0.444627106,0.0921147537
600.0,6.62614536,5.55879688,1.06806707,0.845437378,0.709111511,0.136258011
1800.0,9.28542995,7.83634806,1.44785821,1.18448365,0.999794922,0.184723373
7200.0,10.5784492,8.94564152,1.63267982,1.34953475,1.14125288,0.208291199
