parameter,value
surface_H,9.041414152737682
DL,1.9556348353623759e-10
