time,C_mol,CL_mol,CT_mol,C_wtppm,CL_wtppm,CT_wtppm
0.0,0.0,0.0,0.0,0.0,0.0,0.0
120.0,4.78915024,3.98410654,0.805374573,0.611007507,0.508291656,0.102767464
600.0,8.03997421,6.77010489,1.27018464,1.025738,0.863784424,0.162059784
1800.0,10.2892561,8.69810486,1.59151649,1.31250548,1.1098125,0.20306543
7200.0,10.6880589,9.04178143,1.64849257,1.36351633,1.15357018,0.210414993
