parameter,value
surface_H,8.607880774381186
DL,1.0972699687021382e-10
