time,C_mol,CL_mol,CT_mol,C_wtppm,CL_wtppm,CT_wtppm
0.0,0.0,0.0,0.0,0.0,0.0,0.0
120.0,4.05973625,3.35794377,0.700817322,0.517759277,0.428529083,0.0894353561
600.0,6.40310144,5.36665583,1.03598678,0.816783875,0.684560974,0.13218425
1800.0,8.9572506,7.55606365,1.40123808,1.14263618,0.963858459,0.178748734
7200.0,10.1746902,8.5997591,1.5753181,1.2980783,1.09708226,0.200946442
