parameter,value
surface_H,8.07596531337888
DL,7.146790326758959e-10
