time,C_mol,CL_mol,CT_mol,C_wtppm,CL_wtppm,CT_wtppm
0.0,0.0,0.0,0.0,0.0,0.0,0.0
120.0,6.01178694,5.0325737,0.980201355,0.76699469,0.642037781,0.125030708
600.0,9.2029562,7.76765919,1.43664443,1.17414451,0.991068237,0.183240906
1800.0,9.56250381,8.07600403,1.48807836,1.21989775,1.03013146,0.189820877
7200.0,9.5626564,8.07658482,1.48820651,1.2199862,1.0307976,0.18982605
