parameter,value
surface_H,8.58186715178259
DL,1.0986222012770121e-10
