time,C_mol,CL_mol,CT_mol,C_wtppm,CL_wtppm,CT_wtppm
0.0,0.0,0.0,0.0,0.0,0.0,0.0
120.0,4.0480938,3.3481431,0.699369629,0.516330017,0.427169159,0.0892147064
600.0,6.38697386,5.35301304,1.03371644,0.814588379,0.682927795,0.131898392
1800.0,8.93345261,7.53372526,1.39753628,1.13954902,0.961293457,0.178319489
7200.0,10.1438322,8.57286358,1.57079971,1.29424822,1.09399581,0.200410538
