parameter,value
surface_H,7.174750699363433
DL,7.528740975045188e-10
