time,C_mol,CL_mol,CT_mol,C_wtppm,CL_wtppm,CT_wtppm
0.0,0.0,0.0,0.0,0.0,0.0,0.0
120.0,5.43027639,4.53192329,0.897115723,0.692599915,0.578285461,0.114426064
600.0,8.2274971,6.92942286,1.2968694,1.04953372,0.884187195,0.165414246
1800.0,8.5123148,7.1724968,1.33725619,1.08592677,0.915550964,0.170578262
7200.0,8.51319027,7.17271996,1.33731019,1.08593798,0.915602966,0.170580933
