parameter,value
surface_H,8.612505749270255
DL,1.065807423623457e-10
