time,C_mol,CL_mol,CT_mol,C_wtppm,CL_wtppm,CT_wtppm
0.0,0.0,0.0,0.0,0.0,0.0,0.0
120.0,4.04032993,3.34150481,0.698368042,0.515479065,0.426314941,0.0890589066
600.0,6.34554195,5.31755161,1.02801919,0.809743896,0.678453369,0.131129547
1800.0,8.90487766,7.51055384,1.39398563,1.1361053,0.958299255,0.177786041
7200.0,10.1769342,8.60256195,1.57585204,1.29862022,1.09754384,0.200989761
