parameter,value
surface_H,6.3421875
DL,1.6468749999999998e-10
