parameter,value
surface_H,8.603114748532253
DL,1.0973815201951329e-10
