time,C_mol,CL_mol,CT_mol,C_wtppm,CL_wtppm,CT_wtppm
0.0,0.0,0.0,0.0,0.0,0.0,0.0
120.0,4.05721855,3.35567141,0.700657227,0.517607056,0.42828775,0.0893843842
600.0,6.39814758,5.36417484,1.03569615,0.816503662,0.684224731,0.132101547
1800.0,8.95024586,7.5524807,1.40034544,1.14209759,0.963406189,0.178662582
7200.0,10.1685076,8.59616756,1.5742873,1.29739964,1.09642184,0.200858673
