parameter,value
surface_H,7.891540445119517
DL,5.302113636829243e-10
