time,C_mol,CL_mol,CT_mol,C_wtppm,CL_wtppm,CT_wtppm
0.0,0.0,0.0,0.0,0.0,0.0,0.0
120.0,5.42766094,4.5308032,0.896760803,0.69254834,0.57800946,0.114393646
600.0,8.71522808,7.34853458,1.36674929,1.11193717,0.937458557,0.174369293
1800.0,9.34060383,7.88431644,1.45594263,1.19177425,1.00582898,0.185741013
7200.0,9.3462944,7.8911767,1.45703602,1.1926527,1.00641632,0.185915543
