time,C_mol,CL_mol,CT_mol,C_wtppm,CL_wtppm,CT_wtppm
0.0,0.0,0.0,0.0,0.0,0.0,0.0
120.0,3.27254152,2.68461728,0.58813031,0.417601898,0.342602142,0.0750374603
600.0,3.61180258,2.97560501,0.636955627,0.460878754,0.379565338,0.0812569199
1800.0,4.36354733,3.61870313,0.74436084,0.556720093,0.46166925,0.0949760895
7200.0,6.66303682,5.5889616,1.07321095,0.850027832,0.713096558,0.1369505
