parameter,value
surface_H,8.657476755908805
DL,1.0063667193386173e-10
