time,C_mol,CL_mol,CT_mol,C_wtppm,CL_wtppm,CT_wtppm
0.0,0.0,0.0,0.0,0.0,0.0,0.0
120.0,4.021173,3.32518458,0.6954422,0.513072754,0.424243652,0.0887096558
600.0,6.26258516,5.24558544,1.01578104,0.798713989,0.669105103,0.129599716
1800.0,8.83723354,7.45136499,1.38377035,1.12722588,0.950554138,0.176538101
7200.0,10.2279539,8.64327717,1.58266246,1.30486107,1.10268891,0.201878799
