parameter,value
surface_H,8.6130665307691
DL,1.0657861575215195e-10
