time,C_mol,CL_mol,CT_mol,C_wtppm,CL_wtppm,CT_wtppm
0.0,0.0,0.0,0.0,0.0,0.0,0.0
120.0,4.04043484,3.34159923,0.698372803,0.51548291,0.426328064,0.089072464
600.0,6.34686279,5.31763268,1.0280323,0.809754456,0.678468811,0.131139313
1800.0,8.90527153,7.51083183,1.39401615,1.13619387,0.958323242,0.177800797
7200.0,10.1771793,8.60287952,1.575899,1.29868758,1.09763575,0.201003265
