parameter,value
surface_H,8.603106210797744
DL,5.427209260737117e-10
