time,C_mol,CL_mol,CT_mol,C_wtppm,CL_wtppm,CT_wtppm
0.0,0.0,0.0,0.0,0.0,0.0,0.0
120.0,5.94089174,4.97162724,0.970311035,0.758127502,0.634299072,0.123756584
600.0,9.51663494,8.03701878,1.48113143,1.21401238,1.02529585,0.188978043
1800.0,10.1699123,8.59721279,1.57464659,1.29754484,1.09678352,0.20087767
7200.0,10.1786537,8.60435772,1.5753293,1.29824376,1.09764946,0.201060837
