parameter,value
surface_H,6.663772597349902
DL,4.2677431486554547e-10
