time,C_mol,CL_mol,CT_mol,C_wtppm,CL_wtppm,CT_wtppm
0.0,0.0,0.0,0.0,0.0,0.0,0.0
120.0,4.34384108,3.60234141,0.741885925,0.554204712,0.45970166,0.0946198807
600.0,7.14803314,6.00420952,1.14256787,0.911787292,0.766004517,0.145742813
1800.0,7.89703369,6.64733696,1.24970567,1.00747418,0.847937927,0.159404755
7200.0,7.9182682,6.66071606,1.25269616,1.0098933,0.850022339,0.159713409
