parameter,value
surface_H,8.593039539441314
DL,1.088575974131067e-10
