time,C_mol,CL_mol,CT_mol,C_wtppm,CL_wtppm,CT_wtppm
0.0,0.0,0.0,0.0,0.0,0.0,0.0
120.0,4.04587889,3.34773755,0.699028503,0.516198425,0.42704306,0.0891972809
600.0,6.37663746,5.34400892,1.03222287,0.813367798,0.681740845,0.131677078
1800.0,8.92576122,7.52948713,1.39671242,1.13880062,0.960529053,0.17819487
7200.0,10.1574574,8.58400631,1.57260287,1.29559457,1.09512174,0.200643066
