parameter,value
surface_H,10.262334225438888
DL,1.857805325804566e-10
