time,C_mol,CL_mol,CT_mol,C_wtppm,CL_wtppm,CT_wtppm
0.0,0.0,0.0,0.0,0.0,0.0,0.0
120.0,5.35449219,4.46907711,0.885896118,0.683063049,0.57007605,0.113039749
600.0,8.97112465,7.56850004,1.40302062,1.14460766,0.965445129,0.179030609
1800.0,11.5976896,9.81894875,1.77827764,1.47975898,1.25248218,0.226872147
7200.0,12.1170769,10.2609301,1.85175443,1.54589736,1.30887091,0.236321579
