parameter,value
surface_H,8.658334964949415
DL,1.0186343637904214e-10
