time,C_mol,CL_mol,CT_mol,C_wtppm,CL_wtppm,CT_wtppm
0.0,0.0,0.0,0.0,0.0,0.0,0.0
120.0,4.03014183,3.3332684,0.696615479,0.514053955,0.425263672,0.0888566513
600.0,6.28678894,5.2671361,1.01935625,0.801950439,0.6720401,0.130060974
1800.0,8.86137104,7.47309494,1.3873986,1.13037157,0.953549377,0.176984253
7200.0,10.2295952,8.64525414,1.58290398,1.30508947,1.10311937,0.201922287
