parameter,value
surface_H,6.477469013703066
DL,9.383167899535647e-10
