time,C_mol,CL_mol,CT_mol,C_wtppm,CL_wtppm,CT_wtppm
0.0,0.0,0.0,0.0,0.0,0.0,0.0
120.0,5.19635773,4.33236504,0.863595825,0.662891968,0.552703613,0.110158356
600.0,7.5448246,6.34662151,1.19943738,0.962562073,0.809480774,0.153015625
1800.0,7.70007038,6.4798336,1.22143722,0.982297363,0.826201904,0.155773331
7200.0,7.70008469,6.47983742,1.22143829,0.982338135,0.826205017,0.155773407
