parameter,value
surface_H,8.440997424454695
DL,7.167190207661765e-10
