time,C_mol,CL_mol,CT_mol,C_wtppm,CL_wtppm,CT_wtppm
0.0,0.0,0.0,0.0,0.0,0.0,0.0
120.0,6.28130865,5.26260376,1.01873422,0.801496277,0.671404663,0.129969269
600.0,9.61498356,8.11977673,1.4949975,1.22693086,1.03598595,0.190767426
1800.0,9.98968124,8.43808556,1.54801238,1.27401376,1.07666612,0.197594223
7200.0,9.99043655,8.4383707,1.54806542,1.27453518,1.07674229,0.197634109
