parameter,value
surface_H,8.705475804358354
DL,1.6184141447280536e-10
