time,C_mol,CL_mol,CT_mol,C_wtppm,CL_wtppm,CT_wtppm
0.0,0.0,0.0,0.0,0.0,0.0,0.0
120.0,4.42683792,3.67363048,0.753572266,0.564855591,0.468617004,0.0961290894
600.0,7.32207298,6.15458345,1.16745424,0.934167175,0.785154419,0.148920929
1800.0,9.69549561,8.18795013,1.50657988,1.23673844,1.04476845,0.192205353
7200.0,10.2994614,8.70543957,1.59286737,1.31361175,1.11067379,0.203143524
