parameter,value
surface_H,8.60324843662188
DL,1.0977693034463937e-10
