time,C_mol,CL_mol,CT_mol,C_wtppm,CL_wtppm,CT_wtppm
0.0,0.0,0.0,0.0,0.0,0.0,0.0
120.0,4.05747366,3.35583091,0.700708252,0.517629211,0.428298309,0.089385788
600.0,6.39938545,5.36462831,1.03578758,0.816667114,0.684278809,0.132123566
1800.0,8.95104408,7.55315638,1.40046632,1.14216924,0.963450195,0.178669556
7200.0,10.1685638,8.59623146,1.57430696,1.29741311,1.09646964,0.200859207
