parameter,value
surface_H,8.733205440361068
DL,1.0099009051915265e-11
