time,C_mol,CL_mol,CT_mol,C_wtppm,CL_wtppm,CT_wtppm
0.0,0.0,0.0,0.0,0.0,0.0,0.0
120.0,3.35300827,2.7542417,0.599735229,0.427931396,0.351329559,0.0765049057
600.0,3.70430946,3.05496454,0.650010986,0.472630554,0.389620026,0.0829326324
1800.0,4.4801898,3.71963882,0.76136731,0.571726807,0.474624756,0.0971077499
7200.0,6.85038805,5.75154877,1.10030293,0.874353943,0.73365741,0.140362228
