parameter,value
surface_H,8.656395323653683
DL,1.004733193361145e-10
