time,C_mol,CL_mol,CT_mol,C_wtppm,CL_wtppm,CT_wtppm
0.0,0.0,0.0,0.0,0.0,0.0,0.0
120.0,4.02016115,3.32402539,0.695320557,0.512908203,0.424141541,0.0886797943
600.0,6.25682688,5.24165916,1.01518917,0.798329773,0.668789795,0.129521774
1800.0,8.83048916,7.44737244,1.38320768,1.12646425,0.950028076,0.176474243
7200.0,10.2254267,8.64261818,1.58257389,1.30422127,1.10256803,0.201863861
