parameter,value
surface_H,8.662213839458177
DL,9.965431537232178e-11
