time,C_mol,CL_mol,CT_mol,C_wtppm,CL_wtppm,CT_wtppm
0.0,0.0,0.0,0.0,0.0,0.0,0.0
120.0,4.01721144,3.3221159,0.694794189,0.512479919,0.423852234,0.0886555252
600.0,6.24632597,5.23082399,1.01359153,0.796652893,0.667592712,0.129310959
1800.0,8.81976414,7.43791342,1.38152778,1.12519085,0.949055847,0.176247971
7200.0,10.2314491,8.64705563,1.58331084,1.30534947,1.10331237,0.201973114
