parameter,value
surface_H,6.061478663608368
DL,1.7256863399411136e-10
