time,C_mol,CL_mol,CT_mol,C_wtppm,CL_wtppm,CT_wtppm
0.0,0.0,0.0,0.0,0.0,0.0,0.0
120.0,3.16825175,2.59455562,0.57360675,0.404130219,0.331050903,0.0731881866
600.0,5.24113798,4.37163973,0.870201416,0.668535339,0.55767218,0.110991127
1800.0,6.85050297,5.74970579,1.10000825,0.873767761,0.733607544,0.14034314
7200.0,7.21541882,6.06226254,1.15226352,0.920022339,0.773406555,0.146972595
