parameter,value
surface_H,7.020752253807749
DL,9.999999999999999e-10
