time,C_mol,CL_mol,CT_mol,C_wtppm,CL_wtppm,CT_wtppm
0.0,0.0,0.0,0.0,0.0,0.0,0.0
120.0,5.70814562,4.77053499,0.936814453,0.728118408,0.608620361,0.119522301
600.0,8.18978024,6.89804697,1.29164028,1.04481244,0.880167847,0.164798981
1800.0,8.33214664,7.01901197,1.31223226,1.06283069,0.895989136,0.167438324
7200.0,8.33214951,7.01902437,1.31223297,1.06283069,0.895989624,0.16743898
