parameter,value
surface_H,8.607410401630496
DL,1.0701423145663766e-10
