time,C_mol,CL_mol,CT_mol,C_wtppm,CL_wtppm,CT_wtppm
0.0,0.0,0.0,0.0,0.0,0.0,0.0
120.0,4.04139996,3.34359813,0.698238403,0.515443909,0.426457886,0.0891092911
600.0,6.35203886,5.32196522,1.02867448,0.810034302,0.678965149,0.13125174
1800.0,8.9080019,7.51409721,1.3942461,1.13639128,0.958463867,0.17787854
7200.0,10.1729584,8.59849834,1.57503092,1.29793298,1.09684741,0.200925034
