parameter,value
surface_H,8.594276283398015
DL,1.0930200359378953e-10
