time,C_mol,CL_mol,CT_mol,C_wtppm,CL_wtppm,CT_wtppm
0.0,0.0,0.0,0.0,0.0,0.0,0.0
120.0,4.05083799,3.35082626,0.699700806,0.516662231,0.4274953,0.08925354
600.0,6.38502264,5.35085011,1.03349125,0.81450293,0.682571533,0.131851532
1800.0,8.93502331,7.53738737,1.39801049,1.1397661,0.961481201,0.17834285
7200.0,10.1600533,8.58627605,1.5727396,1.29582918,1.0952338,0.200660431
