parameter,value
surface_H,9.194720777481582
DL,1.8230973782811967e-11
