time,C_mol,CL_mol,CT_mol,C_wtppm,CL_wtppm,CT_wtppm
0.0,0.0,0.0,0.0,0.0,0.0,0.0
120.0,3.59838247,2.96370173,0.634697388,0.459142639,0.378077789,0.0809829559
600.0,4.23369884,3.50746965,0.725601746,0.540138916,0.447436432,0.0925975113
1800.0,5.52985668,4.61879635,0.91115033,0.705568665,0.589126526,0.116238365
7200.0,8.69916153,7.333529,1.36424911,1.10977352,0.935671631,0.174023056
