parameter,value
surface_H,8.604647903868857
DL,1.0968708623877459e-10
