time,C_mol,CL_mol,CT_mol,C_wtppm,CL_wtppm,CT_wtppm
0.0,0.0,0.0,0.0,0.0,0.0,0.0
120.0,4.05751133,3.35595369,0.700670227,0.517641968,0.428177612,0.0894076462
600.0,6.39954329,5.36416245,1.03568864,0.8164729,0.684214539,0.132119431
1800.0,8.95245647,7.55265331,1.40039027,1.14214087,0.963418335,0.178689163
7200.0,10.1716204,8.596982,1.57449412,1.29751134,1.09673214,0.200896408
