time,C_mol,CL_mol,CT_mol,C_wtppm,CL_wtppm,CT_wtppm
0.0,0.0,0.0,0.0,0.0,0.0,0.0
120.0,2.6403439,2.14298916,0.497725525,0.336964722,0.273362427,0.0634947929
600.0,2.91115451,2.37452221,0.536921875,0.371478912,0.302983582,0.0684829483
1800.0,3.51098204,2.88877296,0.622765015,0.44805249,0.368502197,0.0794343796
7200.0,5.34702158,4.46179008,0.885302307,0.682239868,0.569124329,0.112941193
