parameter,value
surface_H,9.217166380164972
DL,6.232780496959876e-10
