time,C_mol,CL_mol,CT_mol,C_wtppm,CL_wtppm,CT_wtppm
0.0,0.0,0.0,0.0,0.0,0.0,0.0
120.0,6.59677172,5.5333643,1.06383431,0.841636902,0.705894043,0.13570842
600.0,10.350215,8.75020027,1.60039949,1.32052505,1.11631465,0.204121521
1800.0,10.8903227,9.2163868,1.67741132,1.38984275,1.17566442,0.213957443
7200.0,10.897378,9.21855831,1.67862868,1.39035356,1.17578709,0.213996826
