parameter,value
surface_H,7.033288729285511
DL,9.846399917820063e-10
