time,C_mol,CL_mol,CT_mol,C_wtppm,CL_wtppm,CT_wtppm
0.0,0.0,0.0,0.0,0.0,0.0,0.0
120.0,5.6961441,4.76134729,0.935225464,0.726717224,0.607433533,0.119325813
600.0,8.19812012,6.9061327,1.29285431,1.04599392,0.881019897,0.164920242
1800.0,8.34462738,7.03174734,1.31383586,1.06476188,0.89697345,0.16761937
7200.0,8.3446331,7.03204632,1.3138361,1.06476283,0.896973572,0.167619507
