parameter,value
surface_H,7.665664102398141
DL,2.1183467763590052e-11
