time,C_mol,CL_mol,CT_mol,C_wtppm,CL_wtppm,CT_wtppm
0.0,0.0,0.0,0.0,0.0,0.0,0.0
120.0,3.04563785,2.48964858,0.555935364,0.388710419,0.317673584,0.0709191208
600.0,3.65104175,3.00751328,0.642646484,0.465812195,0.383690582,0.0819497528
1800.0,4.8514657,4.03727436,0.814364441,0.618906982,0.515123901,0.103916664
7200.0,7.58114815,6.37813091,1.20462835,0.967153992,0.813737976,0.153691193
