parameter,value
surface_H,8.838447710987275
DL,1.1752660737888945e-10
