time,C_mol,CL_mol,CT_mol,C_wtppm,CL_wtppm,CT_wtppm
0.0,0.0,0.0,0.0,0.0,0.0,0.0
120.0,4.21651173,3.49241924,0.723491455,0.537906494,0.445696381,0.092278511
600.0,6.71721029,5.63736391,1.08113945,0.857070312,0.718980835,0.137908127
1800.0,9.32547283,7.87129831,1.45360696,1.18957901,1.00407481,0.18545314
7200.0,10.4475546,8.83312702,1.61383438,1.33269083,1.1267935,0.205903503
