parameter,value
surface_H,6.6881121542765065
DL,6.793654393491288e-10
