time,C_mol,CL_mol,CT_mol,C_wtppm,CL_wtppm,CT_wtppm
0.0,0.0,0.0,0.0,0.0,0.0,0.0
120.0,4.93734121,4.11030293,0.826457825,0.629958435,0.524380432,0.105449455
600.0,7.61145067,6.40350819,1.20900261,0.971174194,0.816968872,0.154234161
1800.0,7.94063616,6.6873517,1.25651109,1.01346231,0.853289612,0.160246063
7200.0,7.94121027,6.68755531,1.25662458,1.01353765,0.853411438,0.160295242
