parameter,value
surface_H,8.607021913347024
DL,1.0733576288616913e-10
