time,C_mol,CL_mol,CT_mol,C_wtppm,CL_wtppm,CT_wtppm
0.0,0.0,0.0,0.0,0.0,0.0,0.0
120.0,4.04295492,3.34495878,0.698466797,0.515843506,0.426675262,0.0891283264
600.0,6.35737991,5.32765102,1.02959692,0.810888489,0.679478027,0.131339584
1800.0,8.91350842,7.51916885,1.3949827,1.13712847,0.959064514,0.177969498
7200.0,10.1724195,8.59827709,1.57501006,1.2979213,1.09684038,0.200917236
