parameter,value
surface_H,8.11278524368618
DL,2.94257133307707e-10
