time,C_mol,CL_mol,CT_mol,C_wtppm,CL_wtppm,CT_wtppm
0.0,0.0,0.0,0.0,0.0,0.0,0.0
120.0,4.76598883,3.96335697,0.801924377,0.607804993,0.505709351,0.102328568
600.0,8.04663849,6.77508974,1.2708813,1.02649105,0.864450745,0.162172592
1800.0,9.50078392,8.02205658,1.47893214,1.2121278,1.02360392,0.188673233
7200.0,9.60555553,8.1111536,1.49342144,1.22542012,1.03513348,0.190552124
