parameter,value
surface_H,6.847398343170879
DL,8.999102406395387e-10
