time,C_mol,CL_mol,CT_mol,C_wtppm,CL_wtppm,CT_wtppm
0.0,0.0,0.0,0.0,0.0,0.0,0.0
120.0,5.4276638,4.5304389,0.89695282,0.692531128,0.578150452,0.114384285
600.0,7.94899464,6.69202852,1.25734663,1.01435411,0.853844238,0.160380142
1800.0,8.12794495,6.84481049,1.28269005,1.03727496,0.873315735,0.163618118
7200.0,8.12796974,6.84482718,1.28269815,1.03728485,0.873447571,0.163618561
