parameter,value
surface_H,6.772838666668949
DL,9.459717400514855e-10
