time,C_mol,CL_mol,CT_mol,C_wtppm,CL_wtppm,CT_wtppm
0.0,0.0,0.0,0.0,0.0,0.0,0.0
120.0,5.43750334,4.53884125,0.898219971,0.693609558,0.579155212,0.114587509
600.0,7.88610268,6.63657475,1.24822259,1.00588441,0.846758728,0.159209961
1800.0,8.04518509,6.76997185,1.27064395,1.02592397,0.863769348,0.162109009
7200.0,8.04520607,6.76997948,1.27064955,1.0259515,0.86378772,0.162109192
