parameter,value
surface_H,7.360752945124316
DL,2.263654847994698e-10
