time,C_mol,CL_mol,CT_mol,C_wtppm,CL_wtppm,CT_wtppm
0.0,0.0,0.0,0.0,0.0,0.0,0.0
120.0,4.06212807,3.36057615,0.701634644,0.518308594,0.428859283,0.0894789734
600.0,6.84723425,5.74611712,1.0996021,0.873281921,0.733203613,0.140278168
1800.0,8.50980282,7.17271519,1.33731961,1.08559179,0.915113098,0.170628403
7200.0,8.72969913,7.35958004,1.36846507,1.11337852,0.939335083,0.174646759
