parameter,value
surface_H,9.773394561968551
DL,3.202596661158433e-10
