time,C_mol,CL_mol,CT_mol,C_wtppm,CL_wtppm,CT_wtppm
0.0,0.0,0.0,0.0,0.0,0.0,0.0
120.0,5.84070587,4.88415527,0.955622314,0.744856384,0.623169067,0.12188279
600.0,9.85058689,8.3212204,1.52888882,1.25684726,1.06166244,0.195083755
1800.0,11.4494314,9.692029,1.75721157,1.46092272,1.2367903,0.224211426
7200.0,11.5410681,9.77208138,1.77033675,1.47266018,1.24644446,0.225969452
