parameter,value
surface_H,8.872843309710714
DL,1.19176413199998e-10
