time,C_mol,CL_mol,CT_mol,C_wtppm,CL_wtppm,CT_wtppm
0.0,0.0,0.0,0.0,0.0,0.0,0.0
120.0,4.24242496,3.51621366,0.727106567,0.541212402,0.448454193,0.0927619781
600.0,6.77457237,5.68474531,1.08916748,0.864055298,0.72532135,0.138940765
1800.0,9.38891029,7.92482471,1.46273351,1.19733942,1.01103103,0.186558243
7200.0,10.48699,8.86845779,1.61984932,1.33783209,1.13126612,0.206618027
