parameter,value
surface_H,7.9951959416719065
DL,9.802737049493234e-10
