time,C_mol,CL_mol,CT_mol,C_wtppm,CL_wtppm,CT_wtppm
0.0,0.0,0.0,0.0,0.0,0.0,0.0
120.0,6.44969797,5.40700531,1.04279029,0.822830444,0.689613647,0.133012833
600.0,9.29842663,7.84949732,1.44989169,1.18628252,1.00120401,0.184980545
1800.0,9.46879578,7.99707174,1.47389793,1.20819187,1.01964343,0.188025757
7200.0,9.46879673,7.99714136,1.4739027,1.20819354,1.01964414,0.188026443
