parameter,value
surface_H,8.641371833893936
DL,1.0563507533380162e-10
