time,C_mol,CL_mol,CT_mol,C_wtppm,CL_wtppm,CT_wtppm
0.0,0.0,0.0,0.0,0.0,0.0,0.0
120.0,4.04724169,3.34836745,0.699236633,0.516406189,0.427241272,0.0891920395
600.0,6.3485055,5.31963396,1.02831089,0.810028015,0.678714905,0.13119194
1800.0,8.9157095,7.52128839,1.3954674,1.13760555,0.959376099,0.177997559
7200.0,10.2092981,8.63168907,1.58031559,1.30276465,1.10102963,0.201593903
