parameter,value
surface_H,9.251197257757692
DL,3.079914992920376e-10
