time,C_mol,CL_mol,CT_mol,C_wtppm,CL_wtppm,CT_wtppm
0.0,0.0,0.0,0.0,0.0,0.0,0.0
120.0,5.47908068,4.57543325,0.903936279,0.698739319,0.583658875,0.115327232
600.0,9.25224304,7.80834055,1.4433167,1.18031204,0.996202332,0.184137451
1800.0,10.8333139,9.16281223,1.669083,1.38180506,1.16894364,0.212931168
7200.0,10.9369535,9.2501545,1.68359804,1.39461482,1.17998505,0.2148358
