parameter,value
surface_H,7.264481619004184
DL,2.3883452724997075e-10
