time,C_mol,CL_mol,CT_mol,C_wtppm,CL_wtppm,CT_wtppm
0.0,0.0,0.0,0.0,0.0,0.0,0.0
120.0,4.0629797,3.36302185,0.701719849,0.518472412,0.428925507,0.0895231705
600.0,6.85444832,5.75481892,1.10101247,0.874614258,0.734302368,0.140448746
1800.0,8.43117332,7.10623789,1.32628191,1.07567692,0.906652893,0.169190399
7200.0,8.61460018,7.26542902,1.35260069,1.09927213,0.92723114,0.172522247
