parameter,value
surface_H,8.887977332393756
DL,1.1168906518273171e-10
