time,C_mol,CL_mol,CT_mol,C_wtppm,CL_wtppm,CT_wtppm
0.0,0.0,0.0,0.0,0.0,0.0,0.0
120.0,4.1997776,3.47973561,0.720930542,0.535836853,0.443853577,0.0919772491
600.0,6.64403534,5.57329226,1.07063711,0.847667847,0.711174988,0.136581512
1800.0,9.27796459,7.83202839,1.4472543,1.18366623,0.999197571,0.184598434
7200.0,10.5028973,8.88079166,1.6221627,1.33992505,1.13310623,0.206891281
