time,C_mol,CL_mol,CT_mol,C_wtppm,CL_wtppm,CT_wtppm
0.0,0.0,0.0,0.0,0.0,0.0,0.0
120.0,4.92292595,4.09915209,0.824298218,0.627967407,0.522918335,0.105170708
600.0,8.30740929,7.00085545,1.30850947,1.05983579,0.892850098,0.166911972
1800.0,10.4072104,8.79961205,1.60831916,1.32757568,1.12258291,0.205153046
7200.0,10.7081585,9.05920601,1.65142977,1.3660816,1.15503216,0.210561432
