parameter,value
surface_H,7.865877947007254
DL,6.648091387300338e-10
