time,C_mol,CL_mol,CT_mol,C_wtppm,CL_wtppm,CT_wtppm
0.0,0.0,0.0,0.0,0.0,0.0,0.0
120.0,5.74859047,4.80564642,0.942642517,0.733325562,0.61320575,0.120235054
600.0,8.90942478,7.51552534,1.39458287,1.13664424,0.958916748,0.177900757
1800.0,9.31446171,7.86243582,1.45291305,1.18842208,1.00349295,0.185289932
7200.0,9.31551456,7.86341953,1.45306444,1.18875623,1.0037955,0.185397537
