parameter,value
surface_H,8.65645781676318
DL,6.553639295333568e-10
