time,C_mol,CL_mol,CT_mol,C_wtppm,CL_wtppm,CT_wtppm
0.0,0.0,0.0,0.0,0.0,0.0,0.0
120.0,6.28716612,5.26855898,1.01966453,0.802204407,0.672073425,0.130083969
600.0,9.77811432,8.2598877,1.5187037,1.247329,1.05363882,0.193711563
1800.0,10.2386646,8.65573597,1.58413804,1.30595255,1.10405874,0.202137299
7200.0,10.2411137,8.65625381,1.58499444,1.30609834,1.10418081,0.202148575
