parameter,value
surface_H,8.663135824068938
DL,9.955199923724819e-11
