time,C_mol,CL_mol,CT_mol,C_wtppm,CL_wtppm,CT_wtppm
0.0,0.0,0.0,0.0,0.0,0.0,0.0
120.0,4.01700354,3.32181215,0.694720642,0.51234845,0.423807861,0.0886434097
600.0,6.24343681,5.22971535,1.01335967,0.796539551,0.667235657,0.12928479
1800.0,8.81811523,7.43666077,1.38135934,1.12490904,0.948897339,0.176225906
7200.0,10.2325716,8.64751434,1.58338583,1.30545735,1.10336971,0.201982819
