parameter,value
surface_H,8.657707968352433
DL,1.006236150162113e-10
