time,C_mol,CL_mol,CT_mol,C_wtppm,CL_wtppm,CT_wtppm
0.0,0.0,0.0,0.0,0.0,0.0,0.0
120.0,4.02116013,3.32497954,0.6954422,0.513022766,0.424233063,0.0887122116
600.0,6.26249552,5.24550247,1.01574433,0.798702576,0.669263611,0.129600342
1800.0,8.83716393,7.45135593,1.38376737,1.12722135,0.950815979,0.176538803
7200.0,10.2280235,8.64338017,1.58267391,1.30494082,1.10296631,0.201882507
