parameter,value
surface_H,7.526860168102465
DL,3.9539831401239354e-10
