time,C_mol,CL_mol,CT_mol,C_wtppm,CL_wtppm,CT_wtppm
0.0,0.0,0.0,0.0,0.0,0.0,0.0
120.0,4.78871393,3.98361278,0.805410767,0.610974304,0.508220795,0.102743767
600.0,7.94780636,6.69106245,1.25693715,1.01391792,0.853664185,0.160362564
1800.0,8.89329338,7.50149584,1.39175332,1.13456595,0.957030884,0.177612259
7200.0,8.92428398,7.52825928,1.39585149,1.13827896,0.960544189,0.178189896
