parameter,value
surface_H,8.602015447954894
DL,1.0862147826781346e-10
