time,C_mol,CL_mol,CT_mol,C_wtppm,CL_wtppm,CT_wtppm
0.0,0.0,0.0,0.0,0.0,0.0,0.0
120.0,4.04887915,3.34958315,0.699415649,0.516612366,0.427318237,0.0892332306
600.0,6.37595749,5.34476519,1.03253329,0.813690002,0.681925354,0.13171225
1800.0,8.93011093,7.53456545,1.39733624,1.13946962,0.96113092,0.178284729
7200.0,10.1673784,8.59454441,1.57408202,1.29712081,1.09627461,0.20083226
