parameter,value
surface_H,8.431939227038061
DL,1.642167067034863e-10
