time,C_mol,CL_mol,CT_mol,C_wtppm,CL_wtppm,CT_wtppm
0.0,0.0,0.0,0.0,0.0,0.0,0.0
120.0,4.30610418,3.57009721,0.736193604,0.549368408,0.455481903,0.0939147186
600.0,7.12770796,5.9885273,1.13978183,0.909382751,0.763950867,0.145386261
1800.0,9.41385651,7.94788027,1.46614099,1.20099699,1.01387084,0.187047394
7200.0,9.97816753,8.43437481,1.54691505,1.27334523,1.07571054,0.197301727
