parameter,value
surface_H,7.083607197889577
DL,9.999999999999999e-10
