time,C_mol,CL_mol,CT_mol,C_wtppm,CL_wtppm,CT_wtppm
0.0,0.0,0.0,0.0,0.0,0.0,0.0
120.0,5.75760794,4.81305361,0.943836243,0.734556091,0.614093506,0.120414757
600.0,8.26262665,6.95995092,1.30207431,1.05416453,0.888062195,0.166119965
1800.0,8.40624332,7.08151865,1.32282722,1.07249272,0.903890503,0.168773087
7200.0,8.40624619,7.08153296,1.32282853,1.07249939,0.90390155,0.168773148
