parameter,value
surface_H,8.167302149720536
DL,7.827398736123533e-10
