time,C_mol,CL_mol,CT_mol,C_wtppm,CL_wtppm,CT_wtppm
0.0,0.0,0.0,0.0,0.0,0.0,0.0
120.0,6.22435141,5.21253252,1.01059818,0.793958923,0.665022827,0.128899994
600.0,9.37252617,7.91161442,1.46063983,1.19571126,1.00924206,0.18633403
1800.0,9.66815567,8.167943,1.5034281,1.23403692,1.04160821,0.191776016
7200.0,9.66841412,8.16807842,1.50361145,1.23406923,1.04162335,0.191778671
