parameter,value
surface_H,5.658858021029278
DL,5.491898568505651e-10
