time,C_mol,CL_mol,CT_mol,C_wtppm,CL_wtppm,CT_wtppm
0.0,0.0,0.0,0.0,0.0,0.0,0.0
120.0,3.96868563,3.28049803,0.688001404,0.506377167,0.418527802,0.0878065643
600.0,6.3189106,5.29298878,1.02387702,0.805967102,0.675364502,0.13063501
1800.0,6.73919821,5.65487385,1.08409381,0.859633301,0.721418335,0.138306519
7200.0,6.74583292,5.65730476,1.08464551,0.859916687,0.722131226,0.138391556
