parameter,value
surface_H,8.609147915738953
DL,1.0713934813498038e-10
