time,C_mol,CL_mol,CT_mol,C_wtppm,CL_wtppm,CT_wtppm
0.0,0.0,0.0,0.0,0.0,0.0,0.0
120.0,4.04266119,3.34478903,0.698492981,0.515800781,0.426728668,0.0891332474
600.0,6.3547864,5.32595396,1.02916741,0.810732361,0.679346008,0.131303009
1800.0,8.9108448,7.51684999,1.39471912,1.13696408,0.958908997,0.177948929
7200.0,10.1744556,8.59955406,1.57536685,1.29811919,1.09706831,0.20095163
