parameter,value
surface_H,7.841551897721718
DL,8.67243003155385e-10
