time,C_mol,CL_mol,CT_mol,C_wtppm,CL_wtppm,CT_wtppm
0.0,0.0,0.0,0.0,0.0,0.0,0.0
120.0,6.13977861,5.14104748,0.998527161,0.78322345,0.655726562,0.127361061
600.0,9.06510258,7.6489501,1.41661048,1.15631783,0.975666504,0.180740143
1800.0,9.29099083,7.84299994,1.44908381,1.18508112,1.0000993,0.184875351
7200.0,9.29104519,7.84302473,1.4491421,1.18508875,1.00010967,0.18490271
