parameter,value
surface_H,5.721928440640198
DL,8.3508587572673e-11
