time,C_mol,CL_mol,CT_mol,C_wtppm,CL_wtppm,CT_wtppm
0.0,0.0,0.0,0.0,0.0,0.0,0.0
120.0,2.62733579,2.13149786,0.496296448,0.335242004,0.271881073,0.0633151474
600.0,3.94533515,3.25972533,0.684751526,0.503307587,0.41583078,0.0873650436
1800.0,5.62292433,4.69758558,0.924799377,0.71744928,0.599437012,0.117955284
7200.0,6.78943491,5.69696379,1.09153473,0.866152771,0.726993713,0.13922345
