parameter,value
surface_H,8.66040309022578
DL,9.992488712246954e-11
