time,C_mol,CL_mol,CT_mol,C_wtppm,CL_wtppm,CT_wtppm
0.0,0.0,0.0,0.0,0.0,0.0,0.0
120.0,4.0173049,3.32277822,0.694852234,0.512484924,0.42382547,0.0886518097
600.0,6.24913216,5.23528576,1.01435244,0.797123779,0.667851379,0.129366348
1800.0,8.82404041,7.44106245,1.38219476,1.12573433,0.949424561,0.176297195
7200.0,10.2293768,8.64613056,1.58312249,1.30514574,1.10314536,0.201925659
