parameter,value
surface_H,9.447082168887754
DL,1.167447020611523e-10
