time,C_mol,CL_mol,CT_mol,C_wtppm,CL_wtppm,CT_wtppm
0.0,0.0,0.0,0.0,0.0,0.0,0.0
120.0,4.49138021,3.72850275,0.7627677,0.572854797,0.47558493,0.0972787552
600.0,7.15467024,6.01199579,1.1436621,0.912699341,0.76688916,0.14590303
1800.0,9.94266224,8.40194511,1.54196095,1.2687155,1.07187259,0.196726334
7200.0,11.1564035,9.44130993,1.71527457,1.42323673,1.20441997,0.218809708
