parameter,value
surface_H,8.845045784333553
DL,1.1882143076537758e-10
