time,C_mol,CL_mol,CT_mol,C_wtppm,CL_wtppm,CT_wtppm
0.0,0.0,0.0,0.0,0.0,0.0,0.0
120.0,4.22753191,3.50296474,0.724955505,0.539420227,0.446771667,0.0924598541
600.0,6.74725103,5.66104746,1.08506215,0.860585449,0.722137512,0.138429428
1800.0,9.35310268,7.89434338,1.45767975,1.1930964,1.00717437,0.185945969
7200.0,10.4549713,8.84073257,1.61509037,1.33373916,1.1278342,0.206057465
