parameter,value
surface_H,8.654208466096208
DL,1.0394215391205727e-10
