time,C_mol,CL_mol,CT_mol,C_wtppm,CL_wtppm,CT_wtppm
0.0,0.0,0.0,0.0,0.0,0.0,0.0
120.0,4.04209089,3.34362936,0.698320129,0.51570636,0.426624786,0.0891159668
600.0,6.32565355,5.2996521,1.0249579,0.807053711,0.676255554,0.130767563
1800.0,8.89847088,7.50488615,1.39270341,1.13503957,0.957377747,0.17767363
7200.0,10.2261648,8.64311123,1.58257627,1.30454838,1.10265839,0.201886017
