parameter,value
surface_H,7.669129927941965
DL,6.13531574048055e-10
