time,C_mol,CL_mol,CT_mol,C_wtppm,CL_wtppm,CT_wtppm
0.0,0.0,0.0,0.0,0.0,0.0,0.0
120.0,5.49053669,4.58425713,0.905514038,0.70041687,0.58486438,0.115536598
600.0,8.62232494,7.26835203,1.3533107,1.10007739,0.927242859,0.172632965
1800.0,9.08718491,7.66637707,1.41951621,1.15934074,0.978138794,0.181131958
7200.0,9.0912447,7.67102861,1.42057669,1.15984821,0.978446838,0.181152939
