parameter,value
surface_H,8.596316591687714
DL,1.0918328206328476e-10
