time,C_mol,CL_mol,CT_mol,C_wtppm,CL_wtppm,CT_wtppm
0.0,0.0,0.0,0.0,0.0,0.0,0.0
120.0,4.05068588,3.35081887,0.699687561,0.516761353,0.427521301,0.0892645874
600.0,6.38380766,5.35024452,1.03328407,0.814445068,0.68242572,0.131844589
1800.0,8.93380642,7.53670835,1.39792192,1.13976657,0.961453186,0.178343872
7200.0,10.1613417,8.5880022,1.57295239,1.29632401,1.09542465,0.200690399
