parameter,value
surface_H,8.59186391159896
DL,1.0895047858536175e-10
