time,C_mol,CL_mol,CT_mol,C_wtppm,CL_wtppm,CT_wtppm
0.0,0.0,0.0,0.0,0.0,0.0,0.0
120.0,4.04612875,3.34789371,0.699043701,0.516279785,0.426967529,0.0891779556
600.0,6.37765455,5.3453517,1.03238344,0.813488159,0.681723206,0.131683533
1800.0,8.92651176,7.52989054,1.39690304,1.1388725,0.960547791,0.178176819
7200.0,10.1562929,8.58322525,1.57241678,1.29544187,1.09500194,0.200580292
