parameter,value
surface_H,7.955398348618639
DL,1.7157449956960407e-10
