time,C_mol,CL_mol,CT_mol,C_wtppm,CL_wtppm,CT_wtppm
0.0,0.0,0.0,0.0,0.0,0.0,0.0
120.0,4.10913324,3.40170574,0.708125671,0.524245667,0.433946564,0.090333931
600.0,6.82234621,5.72608995,1.09626436,0.870568054,0.730733093,0.139822861
1800.0,8.93861961,7.54064035,1.3988992,1.1405443,0.962113342,0.178414978
7200.0,9.42493343,7.9542551,1.46800196,1.20221126,1.01521659,0.187166916
