parameter,value
surface_H,7.157846980169353
DL,9.541050364542772e-10
