time,C_mol,CL_mol,CT_mol,C_wtppm,CL_wtppm,CT_wtppm
0.0,0.0,0.0,0.0,0.0,0.0,0.0
120.0,5.75186491,4.80736685,0.942829163,0.733762573,0.613386169,0.120314583
600.0,8.33032513,7.01735783,1.31162596,1.06267941,0.8953703,0.167355698
1800.0,8.49650669,7.15648031,1.33487236,1.08342671,0.913555481,0.170332321
7200.0,8.49652576,7.15649748,1.33487248,1.08342862,0.9135578,0.170367386
