parameter,value
surface_H,6.428749883113402
DL,7.006114991307087e-10
