time,C_mol,CL_mol,CT_mol,C_wtppm,CL_wtppm,CT_wtppm
0.0,0.0,0.0,0.0,0.0,0.0,0.0
120.0,4.78828001,3.98401737,0.80540332,0.610960938,0.508325043,0.102760666
600.0,7.3425765,6.17172098,1.17058384,0.936745422,0.787494995,0.149332977
1800.0,7.64068317,6.42599392,1.21317101,0.974693054,0.820214966,0.154781418
7200.0,7.64082289,6.42644501,1.21339691,0.97474408,0.820283997,0.154785141
