parameter,value
surface_H,7.237739311535942
DL,9.999999999999999e-10
