time,C_mol,CL_mol,CT_mol,C_wtppm,CL_wtppm,CT_wtppm
0.0,0.0,0.0,0.0,0.0,0.0,0.0
120.0,5.87935686,4.9185648,0.961355652,0.750169617,0.627611328,0.12262809
600.0,8.43838978,7.11138725,1.32707131,1.07657814,0.907410828,0.16928273
1800.0,8.58331299,7.23535633,1.34781957,1.09535718,0.923599426,0.171917038
7200.0,8.58331299,7.23535728,1.34791577,1.09536636,0.923701965,0.171917221
