parameter,value
surface_H,8.699340307990987
DL,4.283493447107641e-10
