time,C_mol,CL_mol,CT_mol,C_wtppm,CL_wtppm,CT_wtppm
0.0,0.0,0.0,0.0,0.0,0.0,0.0
120.0,5.63375521,4.70817709,0.926045715,0.718628479,0.600596619,0.118161339
600.0,9.29223824,7.84428453,1.44896889,1.18546534,1.00064969,0.184902039
1800.0,10.2663469,8.67842102,1.58801937,1.30977166,1.10708559,0.202618668
7200.0,10.2904921,8.70036411,1.59101462,1.31258357,1.10947847,0.203116058
