parameter,value
surface_H,8.608390899504998
DL,1.0725081903099705e-10
