time,C_mol,CL_mol,CT_mol,C_wtppm,CL_wtppm,CT_wtppm
0.0,0.0,0.0,0.0,0.0,0.0,0.0
120.0,4.04379368,3.34517074,0.698457153,0.515931763,0.426771515,0.0891379776
600.0,6.35581112,5.32724142,1.02941096,0.810871033,0.679489502,0.131335358
1800.0,8.9133234,7.51837158,1.39484465,1.13711929,0.959064514,0.177968857
7200.0,10.1740789,8.59916878,1.57527184,1.29807687,1.09704149,0.200935516
