parameter,value
surface_H,8.145752313772155
DL,1.2699040012475223e-11
