time,C_mol,CL_mol,CT_mol,C_wtppm,CL_wtppm,CT_wtppm
0.0,0.0,0.0,0.0,0.0,0.0,0.0
120.0,3.15888667,2.58733082,0.571931274,0.402948761,0.329995605,0.0729653549
600.0,3.56371975,2.93387103,0.630079834,0.454672058,0.374278564,0.0803881683
1800.0,4.43658018,3.68216062,0.754943848,0.565908142,0.469641754,0.0963281403
7200.0,6.9057622,5.79846382,1.10812676,0.881033386,0.73961261,0.141386353
