parameter,value
surface_H,8.658874747503933
DL,1.0033662236538165e-10
