time,C_mol,CL_mol,CT_mol,C_wtppm,CL_wtppm,CT_wtppm
0.0,0.0,0.0,0.0,0.0,0.0,0.0
120.0,4.02002859,3.32420015,0.695359497,0.51271106,0.42412384,0.0886694336
600.0,6.25740051,5.2402463,1.01517737,0.798187683,0.668628052,0.129495911
1800.0,8.83152485,7.44711113,1.3832854,1.1265651,0.950255554,0.176448883
7200.0,10.2283564,8.64425278,1.58304548,1.30502152,1.1030637,0.201892105
