parameter,value
surface_H,8.656562678539316
DL,1.0046602236470823e-10
