time,C_mol,CL_mol,CT_mol,C_wtppm,CL_wtppm,CT_wtppm
0.0,0.0,0.0,0.0,0.0,0.0,0.0
120.0,4.02015209,3.32401752,0.695324402,0.512905151,0.424140503,0.088679985
600.0,6.25675583,5.24157381,1.0151881,0.79832605,0.668776123,0.129520859
1800.0,8.83047009,7.44736624,1.3832047,1.12646282,0.950028198,0.176473923
7200.0,10.2254705,8.64265633,1.58258355,1.30423522,1.10261166,0.201865128
