time,C_mol,CL_mol,CT_mol,C_wtppm,CL_wtppm,CT_wtppm
0.0,0.0,0.0,0.0,0.0,0.0,0.0
120.0,4.40500641,3.65414715,0.750316833,0.562082764,0.466246582,0.0957439194
600.0,7.41057014,6.2303133,1.18017352,0.945532471,0.794958252,0.150563675
1800.0,9.35575771,7.89776945,1.45813525,1.19364476,1.00762236,0.186021667
7200.0,9.65683842,8.15630531,1.50100565,1.23192835,1.04074967,0.191520828
