parameter,value
surface_H,8.618408196996135
DL,1.0712260111765074e-10
