time,C_mol,CL_mol,CT_mol,C_wtppm,CL_wtppm,CT_wtppm
0.0,0.0,0.0,0.0,0.0,0.0,0.0
120.0,4.04699659,3.34795332,0.699009033,0.516333862,0.427157654,0.0892005692
600.0,6.3620882,5.33115482,1.0301379,0.811470032,0.68004541,0.131405655
1800.0,8.92071056,7.52544403,1.39588916,1.13805699,0.959999512,0.178074036
7200.0,10.1864424,8.60927773,1.57657003,1.29929793,1.09830976,0.201146561
