parameter,value
surface_H,8.587579214061376
DL,1.0957355210625855e-10
