time,C_mol,CL_mol,CT_mol,C_wtppm,CL_wtppm,CT_wtppm
0.0,0.0,0.0,0.0,0.0,0.0,0.0
120.0,4.0489068,3.34913588,0.699462952,0.516454773,0.427329376,0.0892176743
600.0,6.38421774,5.35065985,1.03344047,0.81465802,0.682841492,0.131865158
1800.0,8.93294716,7.53620863,1.39770281,1.13963914,0.961364014,0.178313385
7200.0,10.1516933,8.57999706,1.57178795,1.2950325,1.09450459,0.200499405
