parameter,value
surface_H,9.459375
DL,6.906249999999999e-10
