parameter,value
surface_H,5.962804365111992
DL,3.656260159803387e-11
