time,C_mol,CL_mol,CT_mol,C_wtppm,CL_wtppm,CT_wtppm
0.0,0.0,0.0,0.0,0.0,0.0,0.0
120.0,2.48832369,2.01168799,0.47637735,0.317441437,0.256707642,0.0607708969
600.0,3.23568058,2.65171933,0.583127136,0.412839569,0.338392426,0.074399025
1800.0,4.54210091,3.77177811,0.770001648,0.579535278,0.481305481,0.0982504654
7200.0,6.64469576,5.57456923,1.07075739,0.847765137,0.711077087,0.136595154
