parameter,value
surface_H,8.865058118709147
DL,1.0791328052566636e-10
