time,C_mol,CL_mol,CT_mol,C_wtppm,CL_wtppm,CT_wtppm
0.0,0.0,0.0,0.0,0.0,0.0,0.0
120.0,4.16446018,3.44812083,0.715874878,0.531269653,0.439828827,0.0913068085
600.0,6.5540638,5.49603081,1.05767071,0.836283569,0.701251892,0.134936707
1800.0,9.18795204,7.75226068,1.43397534,1.17191446,0.989102478,0.182941086
7200.0,10.4757452,8.85497284,1.61799669,1.33615589,1.12987781,0.206369568
