parameter,value
surface_H,8.726748598186436
DL,1.6249257734241765e-10
