time,C_mol,CL_mol,CT_mol,C_wtppm,CL_wtppm,CT_wtppm
0.0,0.0,0.0,0.0,0.0,0.0,0.0
120.0,4.44169903,3.68556881,0.755468384,0.566721252,0.47022403,0.0964008484
600.0,7.3482976,6.17764521,1.17122102,0.937328674,0.788051331,0.149395096
1800.0,9.72303772,8.21443748,1.51069307,1.24032235,1.04779661,0.192731216
7200.0,10.3216152,8.72436428,1.59667265,1.31659436,1.11328077,0.203617264
