parameter,value
surface_H,7.881382439102643
DL,9.999999999999999e-10
