time,C_mol,CL_mol,CT_mol,C_wtppm,CL_wtppm,CT_wtppm
0.0,0.0,0.0,0.0,0.0,0.0,0.0
120.0,6.39119387,5.35519934,1.03435624,0.815378479,0.683449768,0.131963867
600.0,9.17740345,7.74380541,1.43275845,1.17074215,0.988073914,0.182756912
1800.0,9.34060001,7.87857437,1.45581412,1.1913321,1.00565135,0.185664825
7200.0,9.34060192,7.8785944,1.45581412,1.19133246,1.00565195,0.185665039
