parameter,value
surface_H,7.434964240779044
DL,7.674558551477626e-10
