time,C_mol,CL_mol,CT_mol,C_wtppm,CL_wtppm,CT_wtppm
0.0,0.0,0.0,0.0,0.0,0.0,0.0
120.0,5.64961195,4.72072124,0.928342529,0.720711975,0.602309143,0.118451042
600.0,8.53153229,7.1929059,1.34072542,1.08859468,0.917598816,0.171051224
1800.0,8.81319714,7.43645048,1.38080668,1.12488878,0.948770447,0.176231003
7200.0,8.81333447,7.43669844,1.38147843,1.12492049,0.948819641,0.176236069
