parameter,value
surface_H,7.556545842439244
DL,2.4019994711674627e-10
