time,C_mol,CL_mol,CT_mol,C_wtppm,CL_wtppm,CT_wtppm
0.0,0.0,0.0,0.0,0.0,0.0,0.0
120.0,4.22772694,3.50223041,0.725002014,0.539225037,0.446782715,0.0924982834
600.0,7.13564634,5.99558496,1.14088202,0.910465393,0.76496991,0.145542053
1800.0,8.76809502,7.39460373,1.37421668,1.11861694,0.943335205,0.175290741
7200.0,8.9579668,7.55879498,1.40134072,1.14292347,0.964383911,0.1787211
