parameter,value
surface_H,9.000935528930315
DL,2.65191704613495e-10
