time,C_mol,CL_mol,CT_mol,C_wtppm,CL_wtppm,CT_wtppm
0.0,0.0,0.0,0.0,0.0,0.0,0.0
120.0,5.13361311,4.2787385,0.854599121,0.654967346,0.545960999,0.109024529
600.0,8.69078159,7.32834816,1.36318469,1.10878813,0.934918457,0.173881454
1800.0,10.4775219,8.85877514,1.61819565,1.33659685,1.13021839,0.206456955
7200.0,10.6455641,9.0000515,1.64154434,1.35807014,1.14841795,0.209472763
