parameter,value
surface_H,7.8265625
DL,1.0281249999999999e-10
