parameter,value
surface_H,8.959214654005983
DL,8.396618673142336e-11
