time,C_mol,CL_mol,CT_mol,C_wtppm,CL_wtppm,CT_wtppm
0.0,0.0,0.0,0.0,0.0,0.0,0.0
120.0,4.03699064,3.34041929,0.697754578,0.515162048,0.426093567,0.0890022583
600.0,6.10827971,5.11491966,0.994010681,0.779327271,0.652322632,0.126771332
1800.0,8.7372942,7.36700821,1.36991262,1.11459613,0.939924438,0.174720886
7200.0,10.5529127,8.9239645,1.62934625,1.3461231,1.13819921,0.207790573
