parameter,value
surface_H,8.862264261167915
DL,1.1878733485880175e-10
