time,C_mol,CL_mol,CT_mol,C_wtppm,CL_wtppm,CT_wtppm
0.0,0.0,0.0,0.0,0.0,0.0,0.0
120.0,4.23587036,3.50908208,0.726136963,0.540281433,0.447684601,0.0926368408
600.0,6.75932741,5.67051172,1.08689964,0.862313721,0.723610413,0.138660934
1800.0,9.36922169,7.90936613,1.45994437,1.19539976,1.00906825,0.186274902
7200.0,10.4743156,8.85708427,1.61781096,1.3363589,1.12982988,0.206455582
