parameter,value
surface_H,8.66150811762566
DL,1.0080581531781645e-10
