time,C_mol,CL_mol,CT_mol,C_wtppm,CL_wtppm,CT_wtppm
0.0,0.0,0.0,0.0,0.0,0.0,0.0
120.0,4.0241251,3.32824779,0.695848145,0.51341272,0.424595673,0.0887809677
600.0,6.26890135,5.25061655,1.01678848,0.799663757,0.669974792,0.129701401
1800.0,8.84252453,7.45776796,1.38481486,1.12822175,0.951584717,0.176641129
7200.0,10.2324696,8.64725304,1.58330154,1.30536449,1.10334086,0.201952591
