parameter,value
surface_H,5.740455576823066
DL,4.995084542316702e-10
