time,C_mol,CL_mol,CT_mol,C_wtppm,CL_wtppm,CT_wtppm
0.0,0.0,0.0,0.0,0.0,0.0,0.0
120.0,3.92285657,3.24222589,0.681651367,0.500560699,0.413615448,0.0869531326
600.0,6.32825422,5.30247641,1.02524257,0.807286743,0.676428833,0.130808365
1800.0,6.83164501,5.73397589,1.09726536,0.871537109,0.731497925,0.139988144
7200.0,6.84040833,5.739254,1.0980742,0.872639099,0.732413757,0.140136917
