parameter,value
surface_H,9.97490017013562
DL,8.31710020471111e-10
