time,C_mol,CL_mol,CT_mol,C_wtppm,CL_wtppm,CT_wtppm
0.0,0.0,0.0,0.0,0.0,0.0,0.0
120.0,7.68902302,6.46857929,1.21979797,0.980874451,0.825350891,0.155601776
600.0,11.463109,9.70227718,1.75916648,1.46244943,1.23791993,0.224380936
1800.0,11.7807283,9.97132206,1.80455101,1.50293064,1.27284801,0.230093872
7200.0,11.7807722,9.97156334,1.80462587,1.50295627,1.27307546,0.23009967
