parameter,value
surface_H,9.75625
DL,8.762499999999998e-10
