parameter,value
surface_H,8.85310171948893
DL,1.1671213194640293e-10
