time,C_mol,CL_mol,CT_mol,C_wtppm,CL_wtppm,CT_wtppm
0.0,0.0,0.0,0.0,0.0,0.0,0.0
120.0,4.21675348,3.49393082,0.723363159,0.538053528,0.445786194,0.0922878265
600.0,6.71297503,5.63326073,1.08039153,0.85647052,0.718606934,0.137855209
1800.0,9.32653713,7.87375164,1.45398533,1.18995297,1.00437009,0.185516357
7200.0,10.4641285,8.84776878,1.61659467,1.33511364,1.12880635,0.206215546
