parameter,value
surface_H,5.772678512754446
DL,3.1065514637154184e-10
