time,C_mol,CL_mol,CT_mol,C_wtppm,CL_wtppm,CT_wtppm
0.0,0.0,0.0,0.0,0.0,0.0,0.0
120.0,3.47923851,2.86126113,0.618022461,0.443794922,0.365028259,0.0788521881
600.0,5.8373189,4.88185596,0.955216431,0.744716248,0.622820801,0.121901367
1800.0,6.81406736,5.71912956,1.09514809,0.869307861,0.729674744,0.139704132
7200.0,6.87525558,5.77071953,1.10387743,0.877059387,0.736338013,0.140821609
