parameter,value
surface_H,7.5296875
DL,9.071874999999999e-10
