parameter,value
surface_H,7.1001700770450045
DL,9.999999999999999e-10
