time,C_mol,CL_mol,CT_mol,C_wtppm,CL_wtppm,CT_wtppm
0.0,0.0,0.0,0.0,0.0,0.0,0.0
120.0,5.76992702,4.82478333,0.945995728,0.736168274,0.615608704,0.120646729
600.0,8.28093815,6.97611046,1.30488181,1.05638254,0.890148926,0.166422974
1800.0,8.42418289,7.09772253,1.32512355,1.07456517,0.906122375,0.168988342
7200.0,8.42419624,7.09774065,1.32527447,1.07456577,0.906122864,0.168988373
