parameter,value
surface_H,9.062164261311915
DL,4.113195356193005e-10
