time,C_mol,CL_mol,CT_mol,C_wtppm,CL_wtppm,CT_wtppm
0.0,0.0,0.0,0.0,0.0,0.0,0.0
120.0,5.79861546,4.84958553,0.949755493,0.739802612,0.618643372,0.12114933
600.0,9.60869122,8.11385441,1.49423015,1.22566462,1.03508663,0.190606857
1800.0,10.6832237,9.03486061,1.64781821,1.36288905,1.15268183,0.21025946
7200.0,10.7166481,9.06248856,1.65233028,1.36712205,1.15623057,0.210827148
