parameter,value
surface_H,8.655892335224316
DL,1.0052370698496494e-10
