time,C_mol,CL_mol,CT_mol,C_wtppm,CL_wtppm,CT_wtppm
0.0,0.0,0.0,0.0,0.0,0.0,0.0
120.0,4.02033234,3.3242557,0.695328735,0.512924561,0.424151703,0.0886954041
600.0,6.25753355,5.24334812,1.01546431,0.798423523,0.668859802,0.129535416
1800.0,8.83150101,7.44818974,1.38335359,1.12653589,0.950125427,0.176487625
7200.0,10.2252493,8.6419487,1.58253968,1.30410206,1.10254824,0.201850342
