parameter,value
surface_H,7.073026688998622
DL,9.999999999999999e-10
