time,C_mol,CL_mol,CT_mol,C_wtppm,CL_wtppm,CT_wtppm
0.0,0.0,0.0,0.0,0.0,0.0,0.0
120.0,5.74833918,4.80678034,0.942651733,0.73344635,0.613241394,0.120269875
600.0,8.24974918,6.95109224,1.30011153,1.05239868,0.886717896,0.165859482
1800.0,8.39281654,7.07475138,1.32039106,1.07061732,0.902343628,0.168461426
7200.0,8.3928566,7.0747571,1.32039559,1.07063949,0.902343689,0.168465134
