parameter,value
surface_H,9.822228302216853
DL,2.357979517758386e-10
