time,C_mol,CL_mol,CT_mol,C_wtppm,CL_wtppm,CT_wtppm
0.0,0.0,0.0,0.0,0.0,0.0,0.0
120.0,5.42668056,4.53144646,0.896810608,0.692533813,0.578166809,0.114390335
600.0,9.1869688,7.75551939,1.43408382,1.1723063,0.989471436,0.183006607
1800.0,11.3394461,9.59843636,1.7414062,1.44682741,1.22465754,0.222202927
7200.0,11.5962925,9.82180309,1.77832699,1.48039019,1.2535516,0.227018753
