parameter,value
surface_H,9.6078125
DL,2.2656249999999996e-10
