parameter,value
surface_H,8.048466842222645
DL,6.220238064174898e-10
