time,C_mol,CL_mol,CT_mol,C_wtppm,CL_wtppm,CT_wtppm
0.0,0.0,0.0,0.0,0.0,0.0,0.0
120.0,5.7755723,4.82849836,0.946354797,0.736813538,0.616026367,0.120735939
600.0,9.0545826,7.63857269,1.41502535,1.15502453,0.974614685,0.180524155
1800.0,9.53020191,8.04624367,1.4827503,1.21546233,1.02642989,0.189160187
7200.0,9.53128719,8.04788113,1.48342645,1.21601641,1.02699745,0.18930098
