parameter,value
surface_H,8.601731186521086
DL,1.0923547355749394e-10
