time,C_mol,CL_mol,CT_mol,C_wtppm,CL_wtppm,CT_wtppm
0.0,0.0,0.0,0.0,0.0,0.0,0.0
120.0,4.05332613,3.35326362,0.700169006,0.517146423,0.427826782,0.0893036194
600.0,6.38760424,5.35471916,1.03414845,0.815194031,0.683214966,0.131921661
1800.0,8.94243526,7.54380083,1.39905512,1.14065206,0.962307556,0.178475098
7200.0,10.1673832,8.59471703,1.57408631,1.29720342,1.09627497,0.200833969
