parameter,value
surface_H,7.004828069733501
DL,6.92182114282358e-10
