time,C_mol,CL_mol,CT_mol,C_wtppm,CL_wtppm,CT_wtppm
0.0,0.0,0.0,0.0,0.0,0.0,0.0
120.0,5.18994665,4.32689714,0.862556213,0.662023315,0.55206488,0.110032394
600.0,7.97982645,6.71816874,1.2614069,1.01799464,0.857153442,0.160927673
1800.0,8.31256199,7.00208282,1.30880523,1.06046569,0.893399963,0.166996338
7200.0,8.31271362,7.00326157,1.30892766,1.06076145,0.894015869,0.167001053
