parameter,value
surface_H,5.882740272581268
DL,6.151782777812607e-10
