time,C_mol,CL_mol,CT_mol,C_wtppm,CL_wtppm,CT_wtppm
0.0,0.0,0.0,0.0,0.0,0.0,0.0
120.0,4.24763727,3.51913762,0.727961487,0.541878845,0.448990295,0.0928629456
600.0,6.64766026,5.57612705,1.0712558,0.848180969,0.711416748,0.136637924
1800.0,7.00149727,5.87916803,1.12176931,0.893288513,0.750181824,0.143095291
7200.0,7.00339556,5.88007307,1.12236106,0.894017029,0.750465942,0.143114868
