parameter,value
surface_H,10.284460834600031
DL,9.135574634373187e-10
