parameter,value
surface_H,8.659560274083383
DL,1.001944493765183e-10
