time,C_mol,CL_mol,CT_mol,C_wtppm,CL_wtppm,CT_wtppm
0.0,0.0,0.0,0.0,0.0,0.0,0.0
120.0,4.01877165,3.32381463,0.695211243,0.512649109,0.424100525,0.0886728363
600.0,6.25397062,5.23837948,1.01487398,0.797865967,0.668417664,0.129452515
1800.0,8.8294878,7.44547415,1.38299489,1.12631631,0.950000427,0.176385071
7200.0,10.2288351,8.64492226,1.58307505,1.30509257,1.10310793,0.201919174
