parameter,value
surface_H,7.194558275618886
DL,7.166755141090103e-10
