time,C_mol,CL_mol,CT_mol,C_wtppm,CL_wtppm,CT_wtppm
0.0,0.0,0.0,0.0,0.0,0.0,0.0
120.0,5.37454367,4.48592091,0.88933136,0.685843262,0.572287537,0.113444748
600.0,8.21661186,6.92050076,1.29533243,1.04836571,0.882966736,0.165239883
1800.0,8.53263283,7.19119787,1.34053218,1.08881021,0.917906006,0.171027878
7200.0,8.53388309,7.19158792,1.34090316,1.08941698,0.917944824,0.171036346
