parameter,value
surface_H,8.741922927080566
DL,1.7771252720619112e-10
