time,C_mol,CL_mol,CT_mol,C_wtppm,CL_wtppm,CT_wtppm
0.0,0.0,0.0,0.0,0.0,0.0,0.0
120.0,4.53724241,3.76817679,0.769331177,0.578751282,0.480606232,0.0981030426
600.0,7.56331491,6.35944939,1.20176327,0.964696594,0.811378906,0.15335231
1800.0,9.85033703,8.32134724,1.52887785,1.256634,1.06170976,0.195058167
7200.0,10.3430691,8.73972893,1.59854746,1.31923819,1.1151104,0.203993851
