parameter,value
surface_H,9.56846522872927
DL,5.925227392343073e-10
