time,C_mol,CL_mol,CT_mol,C_wtppm,CL_wtppm,CT_wtppm
0.0,0.0,0.0,0.0,0.0,0.0,0.0
120.0,6.75162458,5.66465092,1.0858475,0.861220947,0.722710388,0.138508133
600.0,10.6818218,9.03244781,1.64752221,1.36255395,1.15237474,0.210183182
1800.0,11.2994881,9.56365776,1.73573661,1.4415015,1.21999943,0.221428207
7200.0,11.3098669,9.56542492,1.73722351,1.44171417,1.22027826,0.221579422
