parameter,value
surface_H,7.007972814304848
DL,2.334639968924566e-10
