time,C_mol,CL_mol,CT_mol,C_wtppm,CL_wtppm,CT_wtppm
0.0,0.0,0.0,0.0,0.0,0.0,0.0
120.0,3.9037962,3.22470832,0.67883374,0.498105499,0.411381348,0.086578743
600.0,6.57805347,5.51841545,1.06128824,0.839257629,0.703863953,0.135381241
1800.0,8.12574768,6.84557676,1.28242671,1.03670263,0.873109314,0.163586243
7200.0,8.31537342,7.01136875,1.30972946,1.06107771,0.894139771,0.167035248
