parameter,value
surface_H,8.799818209823098
DL,1.1576365886646708e-10
