time,C_mol,CL_mol,CT_mol,C_wtppm,CL_wtppm,CT_wtppm
0.0,0.0,0.0,0.0,0.0,0.0,0.0
120.0,4.18605232,3.4679935,0.7192724,0.53411792,0.442395508,0.0917693634
600.0,6.65641117,5.58271933,1.07239306,0.849319397,0.712526184,0.136817886
1800.0,9.25660706,7.81143761,1.44403923,1.18081474,0.996730042,0.18420224
7200.0,10.401639,8.79318619,1.60749745,1.32691503,1.12185204,0.205099594
