parameter,value
surface_H,7.220835516655925
DL,1.6387534029615682e-10
