time,C_mol,CL_mol,CT_mol,C_wtppm,CL_wtppm,CT_wtppm
0.0,0.0,0.0,0.0,0.0,0.0,0.0
120.0,3.70569515,3.05510259,0.650499146,0.472798187,0.389809906,0.0829899063
600.0,6.11956215,5.12391281,0.995845886,0.780946716,0.653863831,0.127045273
1800.0,8.0783577,6.80331993,1.27553809,1.03084815,0.867999634,0.162778687
7200.0,8.56332779,7.2191658,1.34504199,1.09288621,0.921434143,0.171596939
