parameter,value
surface_H,8.60341753460437
DL,1.0976938136126721e-10
