time,C_mol,CL_mol,CT_mol,C_wtppm,CL_wtppm,CT_wtppm
0.0,0.0,0.0,0.0,0.0,0.0,0.0
120.0,4.05742121,3.35582876,0.700709473,0.517655029,0.428298431,0.0893858643
600.0,6.39937973,5.36459684,1.03578389,0.816687256,0.684278076,0.13212326
1800.0,8.95104408,7.55315018,1.4004662,1.14218843,0.963449951,0.17866954
7200.0,10.1686382,8.59629536,1.57433331,1.29745078,1.09650278,0.200859848
