parameter,value
surface_H,8.607238838693824
DL,1.0974574398547986e-10
