time,C_mol,CL_mol,CT_mol,C_wtppm,CL_wtppm,CT_wtppm
0.0,0.0,0.0,0.0,0.0,0.0,0.0
120.0,4.05971098,3.35761166,0.700791565,0.51774823,0.428395966,0.0894232025
600.0,6.40309477,5.36647272,1.03598309,0.816782654,0.684562378,0.132176102
1800.0,8.95674324,7.55586672,1.40119958,1.14262509,0.96374054,0.178737274
7200.0,10.1737585,8.59931564,1.57526958,1.29803479,1.09698904,0.20093631
