parameter,value
surface_H,10.120064430413152
DL,2.2923083265514556e-11
