time,C_mol,CL_mol,CT_mol,C_wtppm,CL_wtppm,CT_wtppm
0.0,0.0,0.0,0.0,0.0,0.0,0.0
120.0,3.99320078,3.30213809,0.691158569,0.509511597,0.421175293,0.0881593399
600.0,4.84847116,4.03515482,0.813712585,0.618583252,0.514774353,0.103792976
1800.0,6.5223341,5.46914482,1.05289912,0.832080811,0.697758667,0.134320038
7200.0,10.1684752,8.59606361,1.57429659,1.29728663,1.09657228,0.200846298
