parameter,value
surface_H,8.63996498216763
DL,1.0565752146660105e-10
