time,C_mol,CL_mol,CT_mol,C_wtppm,CL_wtppm,CT_wtppm
0.0,0.0,0.0,0.0,0.0,0.0,0.0
120.0,4.04606199,3.34829402,0.699227905,0.516254395,0.427182373,0.089187561
600.0,6.34773302,5.31918573,1.02832854,0.809928345,0.678676697,0.131184662
1800.0,8.91478252,7.52041435,1.39541638,1.13747883,0.959315979,0.177990952
7200.0,10.2081747,8.63004303,1.58018088,1.30260479,1.10092342,0.20156163
