parameter,value
surface_H,8.605284807799
DL,1.0980935159549355e-10
