time,C_mol,CL_mol,CT_mol,C_wtppm,CL_wtppm,CT_wtppm
0.0,0.0,0.0,0.0,0.0,0.0,0.0
120.0,4.05824947,3.35764909,0.700796692,0.517729248,0.428362579,0.0894207306
600.0,6.40235281,5.36576653,1.03594494,0.816814392,0.684627441,0.132176224
1800.0,8.95559883,7.55480576,1.40082538,1.14259934,0.963692993,0.178729874
7200.0,10.171999,8.59753513,1.57470095,1.29790235,1.09680831,0.200906937
