parameter,value
surface_H,8.6088527948547
DL,1.0968958469754163e-10
