time,C_mol,CL_mol,CT_mol,C_wtppm,CL_wtppm,CT_wtppm
0.0,0.0,0.0,0.0,0.0,0.0,0.0
120.0,4.0595274,3.35801363,0.700912537,0.517889709,0.428541809,0.0894377823
600.0,6.4023881,5.36654472,1.03604925,0.816783203,0.684554077,0.132183441
1800.0,8.95727921,7.55612898,1.4012742,1.1427058,0.963863953,0.178751068
7200.0,10.1753349,8.60069752,1.57543325,1.29825461,1.09716952,0.200969299
