parameter,value
surface_H,5.777124564302311
DL,4.632183452140527e-11
