time,C_mol,CL_mol,CT_mol,C_wtppm,CL_wtppm,CT_wtppm
0.0,0.0,0.0,0.0,0.0,0.0,0.0
120.0,2.46785736,1.99413216,0.473249359,0.314703857,0.254358765,0.0603736267
600.0,3.34029078,2.74165964,0.598184143,0.426098236,0.349825317,0.0762931519
1800.0,4.76078176,3.95885134,0.801571289,0.607325439,0.505149841,0.10224292
7200.0,6.63705063,5.56780624,1.06989181,0.846932251,0.710300415,0.136465546
