parameter,value
surface_H,8.609047941671356
DL,1.0635977768413924e-10
