time,C_mol,CL_mol,CT_mol,C_wtppm,CL_wtppm,CT_wtppm
0.0,0.0,0.0,0.0,0.0,0.0,0.0
120.0,4.03757381,3.34000325,0.697884521,0.51506958,0.426115784,0.0890263901
600.0,6.33952665,5.3133812,1.02702391,0.808619934,0.67776001,0.131016235
1800.0,8.89780521,7.50421429,1.39262486,1.13502812,0.957328796,0.177667938
7200.0,10.1742506,8.59910965,1.57521892,1.29808092,1.09704316,0.200941833
