parameter,value
surface_H,8.656654212978095
DL,1.005165901364343e-10
