time,C_mol,CL_mol,CT_mol,C_wtppm,CL_wtppm,CT_wtppm
0.0,0.0,0.0,0.0,0.0,0.0,0.0
120.0,4.02044344,3.32428098,0.695338562,0.512927612,0.424157593,0.0886958466
600.0,6.25767899,5.24341154,1.01547515,0.798435486,0.668890869,0.129536163
1800.0,8.83197975,7.44843054,1.38337946,1.12657309,0.950159485,0.176499435
7200.0,10.2255392,8.64270401,1.58258677,1.30425274,1.10261571,0.201865372
