parameter,value
surface_H,8.999663600912506
DL,1.041580933383136e-11
