time,C_mol,CL_mol,CT_mol,C_wtppm,CL_wtppm,CT_wtppm
0.0,0.0,0.0,0.0,0.0,0.0,0.0
120.0,3.45418286,2.84040475,0.614152283,0.440638641,0.36232547,0.0783298569
600.0,3.82676125,3.15958643,0.667702087,0.488150299,0.402985382,0.0851772919
1800.0,4.64713192,3.86367512,0.785157715,0.592874573,0.492786743,0.100165878
7200.0,7.1301012,5.98969269,1.13996291,0.909493958,0.7641828,0.145443314
