parameter,value
surface_H,8.1234375
DL,4.0937499999999994e-11
