parameter,value
surface_H,8.61032028856431
DL,1.0626174702520021e-10
