time,C_mol,CL_mol,CT_mol,C_wtppm,CL_wtppm,CT_wtppm
0.0,0.0,0.0,0.0,0.0,0.0,0.0
120.0,4.03710365,3.33970165,0.697865417,0.515041687,0.426127502,0.0890199661
600.0,6.33837986,5.31103039,1.0269016,0.808484619,0.677684265,0.13099382
1800.0,8.89676189,7.50350237,1.39252841,1.13493907,0.957268677,0.177644653
7200.0,10.1749315,8.60103798,1.57545316,1.2982353,1.09712029,0.200957138
