parameter,value
surface_H,8.836734226283784
DL,1.1791068397920015e-10
