time,C_mol,CL_mol,CT_mol,C_wtppm,CL_wtppm,CT_wtppm
0.0,0.0,0.0,0.0,0.0,0.0,0.0
120.0,4.21807194,3.49439383,0.723667358,0.538025757,0.445731567,0.0923242645
600.0,6.72386122,5.6413579,1.08190894,0.857713013,0.719633423,0.138044327
1800.0,9.32919598,7.8764472,1.45413041,1.19019818,1.00459385,0.185567719
7200.0,10.443965,8.83143616,1.61369419,1.33249068,1.12662911,0.205869614
