parameter,value
surface_H,5.83046431411084
DL,9.242284871631228e-11
