time,C_mol,CL_mol,CT_mol,C_wtppm,CL_wtppm,CT_wtppm
0.0,0.0,0.0,0.0,0.0,0.0,0.0
120.0,2.71624875,2.20750499,0.508916687,0.346539185,0.281619659,0.0649320145
600.0,4.14870024,3.43424082,0.713840027,0.529248291,0.438267365,0.091079361
1800.0,5.87600994,4.91553688,0.960844666,0.749735107,0.627076172,0.122599716
7200.0,6.92600775,5.81519747,1.11106884,0.883815125,0.741950867,0.141757065
