parameter,value
surface_H,5.912171950154629
DL,6.057135533043309e-10
