time,C_mol,CL_mol,CT_mol,C_wtppm,CL_wtppm,CT_wtppm
0.0,0.0,0.0,0.0,0.0,0.0,0.0
120.0,4.25028419,3.52239037,0.728256592,0.542261536,0.449229218,0.0929139557
600.0,6.67049885,5.59462976,1.0741719,0.850936951,0.713765015,0.137060684
1800.0,7.03649235,5.90882969,1.12675726,0.897670898,0.75393457,0.143731415
7200.0,7.04264641,5.91098261,1.12727535,0.898314209,0.75403125,0.143757355
