parameter,value
surface_H,6.764714557585175
DL,6.861043586581548e-10
