time,C_mol,CL_mol,CT_mol,C_wtppm,CL_wtppm,CT_wtppm
0.0,0.0,0.0,0.0,0.0,0.0,0.0
120.0,5.00428915,4.16887474,0.836418396,0.63851355,0.53185614,0.106690269
600.0,7.70421696,6.48299503,1.22254503,0.98304187,0.827087585,0.15593782
1800.0,8.03160095,6.76495981,1.26938951,1.02490759,0.863080017,0.16191954
7200.0,8.03200245,6.76555634,1.26950836,1.0251447,0.863178284,0.161963226
