parameter,value
surface_H,6.961770093851868
DL,4.3595952577740457e-10
