time,C_mol,CL_mol,CT_mol,C_wtppm,CL_wtppm,CT_wtppm
0.0,0.0,0.0,0.0,0.0,0.0,0.0
120.0,4.55811071,3.78588557,0.77237854,0.581547546,0.48287915,0.0985254593
600.0,7.48735189,6.29661942,1.19124949,0.955309509,0.803235046,0.151930695
1800.0,8.2456274,6.94728565,1.29950261,1.05210125,0.88617218,0.165763168
7200.0,8.26422977,6.9645257,1.30193985,1.054582,0.888276306,0.166057419
