parameter,value
surface_H,7.8827631768203155
DL,4.975640021868131e-10
