time,C_mol,CL_mol,CT_mol,C_wtppm,CL_wtppm,CT_wtppm
0.0,0.0,0.0,0.0,0.0,0.0,0.0
120.0,5.32951307,4.44650888,0.882578857,0.679929993,0.567367798,0.112618744
600.0,8.63237762,7.27549076,1.35468578,1.10117614,0.928386108,0.1728022
1800.0,9.32757282,7.87170839,1.45427549,1.18987787,1.00450969,0.185515152
7200.0,9.34119034,7.87878656,1.45599437,1.19140458,1.00573254,0.185672089
