parameter,value
surface_H,8.146876781853026
DL,5.075383157096471e-10
