time,C_mol,CL_mol,CT_mol,C_wtppm,CL_wtppm,CT_wtppm
0.0,0.0,0.0,0.0,0.0,0.0,0.0
120.0,5.53383112,4.62189865,0.911803711,0.705879883,0.589541504,0.116331795
600.0,8.93971252,7.54107094,1.39892375,1.14051509,0.962049194,0.178488174
1800.0,9.63622952,8.13691139,1.49824619,1.22915673,1.03821099,0.191147461
7200.0,9.64677048,8.1450367,1.49993789,1.23049104,1.03914714,0.191375427
