parameter,value
surface_H,8.602058103553558
DL,1.0926372425698019e-10
