time,C_mol,CL_mol,CT_mol,C_wtppm,CL_wtppm,CT_wtppm
0.0,0.0,0.0,0.0,0.0,0.0,0.0
120.0,4.05345821,3.35337186,0.700188416,0.51715741,0.427833374,0.0893061829
600.0,6.3892827,5.35521841,1.0342207,0.81531665,0.68325531,0.131945587
1800.0,8.94325829,7.54434633,1.39916456,1.1407491,0.962389465,0.17850824
7200.0,10.1674767,8.59493351,1.57410181,1.29730773,1.09629309,0.200836121
