parameter,value
surface_H,8.157109123757328
DL,2.0943334916366227e-10
