parameter,value
surface_H,8.578607150083739
DL,1.0832047409527816e-10
