time,C_mol,CL_mol,CT_mol,C_wtppm,CL_wtppm,CT_wtppm
0.0,0.0,0.0,0.0,0.0,0.0,0.0
120.0,4.03579855,3.33834028,0.697752625,0.514915588,0.426037842,0.0889863815
600.0,6.35476398,5.32467699,1.02930188,0.810661682,0.679468628,0.131285873
1800.0,8.90203285,7.50890303,1.39314187,1.13564849,0.957859619,0.177762573
7200.0,10.1404324,8.57023716,1.57016981,1.29358435,1.09320509,0.200335022
