parameter,value
surface_H,7.9683108067879385
DL,7.419669909601203e-10
