time,C_mol,CL_mol,CT_mol,C_wtppm,CL_wtppm,CT_wtppm
0.0,0.0,0.0,0.0,0.0,0.0,0.0
120.0,5.99095011,5.01501656,0.977418335,0.764246033,0.639684814,0.124673782
600.0,9.10991287,7.68791866,1.42305839,1.16214025,0.980630249,0.18153476
1800.0,9.43747234,7.96849585,1.4695189,1.20348704,1.01605344,0.187501007
7200.0,9.43754578,7.96873522,1.46972036,1.20351207,1.01608205,0.187502304
