parameter,value
surface_H,10.088428398572542
DL,1.7331414054695768e-10
