time,C_mol,CL_mol,CT_mol,C_wtppm,CL_wtppm,CT_wtppm
0.0,0.0,0.0,0.0,0.0,0.0,0.0
120.0,5.18365145,4.32352543,0.861809509,0.661477112,0.551540771,0.109972794
600.0,8.64112282,7.28485823,1.35595226,1.10230672,0.929334961,0.172956573
1800.0,11.3123016,9.5758028,1.73766589,1.4431318,1.22140825,0.221653015
7200.0,11.9082279,10.0912771,1.82344437,1.51953399,1.28659534,0.23252243
