parameter,value
surface_H,7.903509900330533
DL,2.4023115471643487e-10
