time,C_mol,CL_mol,CT_mol,C_wtppm,CL_wtppm,CT_wtppm
0.0,0.0,0.0,0.0,0.0,0.0,0.0
120.0,4.41483593,3.66313577,0.751800537,0.563364319,0.467334351,0.0959090958
600.0,7.45706511,6.27112436,1.1869545,0.951531372,0.799938049,0.151419495
1800.0,9.16454601,7.73387766,1.43092203,1.16928267,0.986497986,0.182525314
7200.0,9.36300182,7.90548563,1.459674,1.19492769,1.00792801,0.186073807
