parameter,value
surface_H,9.68310020831381
DL,6.375186177806926e-10
