time,C_mol,CL_mol,CT_mol,C_wtppm,CL_wtppm,CT_wtppm
0.0,0.0,0.0,0.0,0.0,0.0,0.0
120.0,6.96565151,5.84855175,1.11653984,0.88858075,0.74610321,0.142417725
600.0,10.8914833,9.2144146,1.67738485,1.38948917,1.17539406,0.214014908
1800.0,11.4368668,9.68194389,1.75470138,1.45876276,1.23463511,0.223904144
7200.0,11.4376297,9.68515015,1.75495303,1.45972252,1.23475146,0.22402179
