parameter,value
surface_H,7.126486226944987
DL,3.6453877768619595e-11
