time,C_mol,CL_mol,CT_mol,C_wtppm,CL_wtppm,CT_wtppm
0.0,0.0,0.0,0.0,0.0,0.0,0.0
120.0,2.94539428,2.40375781,0.54182074,0.375895081,0.306680176,0.0691225586
600.0,3.83643651,3.16680932,0.669115601,0.489495575,0.40410791,0.085377861
1800.0,5.39531279,4.50352812,0.892315125,0.688382202,0.574624878,0.113827133
7200.0,7.91040468,6.65851688,1.25166523,1.00911856,0.84944696,0.159675797
