parameter,value
surface_H,7.028915895753189
DL,4.559691932325038e-10
