time,C_mol,CL_mol,CT_mol,C_wtppm,CL_wtppm,CT_wtppm
0.0,0.0,0.0,0.0,0.0,0.0,0.0
120.0,4.65679598,3.87047958,0.786446167,0.594111694,0.49371109,0.10033506
600.0,7.61318588,6.40346098,1.20889533,0.971140625,0.816823486,0.154242889
1800.0,8.32701397,7.01616573,1.31102407,1.06233358,0.895108459,0.167270096
7200.0,8.34353924,7.03043747,1.31283844,1.06422698,0.896516479,0.167513596
