parameter,value
surface_H,7.084375
DL,1.9562499999999996e-10
