parameter,value
surface_H,7.995510668306741
DL,6.351050656004738e-10
