time,C_mol,CL_mol,CT_mol,C_wtppm,CL_wtppm,CT_wtppm
0.0,0.0,0.0,0.0,0.0,0.0,0.0
120.0,5.77031136,4.82426023,0.945815735,0.736174377,0.615537231,0.120622345
600.0,9.01461506,7.60532618,1.40925241,1.15022683,0.970265015,0.17977478
1800.0,9.46830082,7.99298716,1.47370374,1.20759201,1.01965547,0.188010101
7200.0,9.46890068,7.99715376,1.47390628,1.20819497,1.0198741,0.188026871
