parameter,value
surface_H,8.577806720052694
DL,1.0781490201724492e-10
