time,C_mol,CL_mol,CT_mol,C_wtppm,CL_wtppm,CT_wtppm
0.0,0.0,0.0,0.0,0.0,0.0,0.0
120.0,4.03313351,3.33608389,0.69709729,0.514600037,0.425636047,0.0889318008
600.0,6.34469843,5.31728172,1.02790558,0.809488281,0.678329651,0.131115921
1800.0,8.89372253,7.50052786,1.39173615,1.13421798,0.956793762,0.177569885
7200.0,10.1395311,8.56842613,1.57005405,1.29351771,1.09314847,0.200324142
