parameter,value
surface_H,8.605376321764341
DL,1.0942987778433718e-10
