time,C_mol,CL_mol,CT_mol,C_wtppm,CL_wtppm,CT_wtppm
0.0,0.0,0.0,0.0,0.0,0.0,0.0
120.0,4.05532932,3.35493731,0.700528687,0.517399719,0.42802536,0.0893561935
600.0,6.39604282,5.36049271,1.03496635,0.81582135,0.683809875,0.132061844
1800.0,8.94939709,7.54839182,1.39981806,1.1416688,0.963059631,0.178632065
7200.0,10.1719837,8.59749985,1.57464838,1.29789865,1.09680378,0.200905655
