parameter,value
surface_H,8.719558118303802
DL,3.33943023786981e-10
