time,C_mol,CL_mol,CT_mol,C_wtppm,CL_wtppm,CT_wtppm
0.0,0.0,0.0,0.0,0.0,0.0,0.0
120.0,5.28285122,4.40678167,0.875891602,0.674000122,0.562263489,0.11175219
600.0,8.88378239,7.49316454,1.39084589,1.13340044,0.956126526,0.177450516
1800.0,10.2426672,8.65862274,1.58497405,1.30704796,1.10480511,0.202221375
7200.0,10.3130455,8.71880054,1.59469581,1.31613994,1.11286724,0.203577576
