parameter,value
surface_H,6.219637567781447
DL,9.01676312714839e-10
