time,C_mol,CL_mol,CT_mol,C_wtppm,CL_wtppm,CT_wtppm
0.0,0.0,0.0,0.0,0.0,0.0,0.0
120.0,4.94515991,4.11824083,0.827803284,0.630826111,0.525469116,0.105619057
600.0,7.23371792,6.07918739,1.1552285,0.922963867,0.775555664,0.147389557
1800.0,7.39462519,6.2188158,1.17842174,0.943479065,0.793245972,0.15037616
7200.0,7.39464474,6.21882391,1.17842424,0.943481384,0.793409546,0.150378677
