parameter,value
surface_H,7.136812404505034
DL,4.696762296850999e-10
