time,C_mol,CL_mol,CT_mol,C_wtppm,CL_wtppm,CT_wtppm
0.0,0.0,0.0,0.0,0.0,0.0,0.0
120.0,4.76334286,3.9626925,0.801875916,0.607774353,0.505462219,0.102285507
600.0,7.76274443,6.53295565,1.23058319,0.990252686,0.833264893,0.156993484
1800.0,8.45490551,7.12594032,1.32962537,1.07871485,0.909013123,0.169623169
7200.0,8.46870708,7.13957977,1.33174753,1.08033085,0.910258423,0.169887665
