parameter,value
surface_H,6.19375
DL,6.287499999999999e-10
