parameter,value
surface_H,8.588107607075457
DL,1.095488977483339e-10
