time,C_mol,CL_mol,CT_mol,C_wtppm,CL_wtppm,CT_wtppm
0.0,0.0,0.0,0.0,0.0,0.0,0.0
120.0,4.04892206,3.34946012,0.699456543,0.516457336,0.427332245,0.0892183151
600.0,6.38409042,5.35079479,1.03341389,0.814651062,0.682828735,0.131850082
1800.0,8.93295288,7.53636503,1.39769328,1.13964367,0.961367004,0.178310745
7200.0,10.1519032,8.58033848,1.57181585,1.2950604,1.09457195,0.200508789
