parameter,value
surface_H,9.29449013867376
DL,6.836651635633237e-10
