time,C_mol,CL_mol,CT_mol,C_wtppm,CL_wtppm,CT_wtppm
0.0,0.0,0.0,0.0,0.0,0.0,0.0
120.0,6.81708574,5.72259808,1.09538972,0.869919678,0.729874451,0.139751587
600.0,10.5306511,8.90368557,1.6258688,1.3435328,1.13601172,0.207455887
1800.0,10.9823904,9.29255486,1.69105089,1.40154636,1.18537855,0.215745575
7200.0,10.9892578,9.29347992,1.6911993,1.40201581,1.18594944,0.215788208
