parameter,value
surface_H,8.59195103761433
DL,1.0927598533976692e-10
