time,C_mol,CL_mol,CT_mol,C_wtppm,CL_wtppm,CT_wtppm
0.0,0.0,0.0,0.0,0.0,0.0,0.0
120.0,4.04910421,3.350137,0.69961676,0.516567078,0.427316467,0.0892207184
600.0,6.3825326,5.35001183,1.03324866,0.814302673,0.682266785,0.13179715
1800.0,8.93187332,7.53501368,1.39771819,1.1395191,0.961199951,0.178276749
7200.0,10.1564064,8.583395,1.57247639,1.29547608,1.09501886,0.200603943
