parameter,value
surface_H,8.637011001186956
DL,4.4707920390314713e-10
