time,C_mol,CL_mol,CT_mol,C_wtppm,CL_wtppm,CT_wtppm
0.0,0.0,0.0,0.0,0.0,0.0,0.0
120.0,5.6591754,4.73020506,0.929830933,0.721893494,0.603374512,0.118609558
600.0,9.29165363,7.84399319,1.44910336,1.18541348,1.00053072,0.184862305
1800.0,10.198328,8.61965656,1.57855773,1.30114996,1.09959638,0.201369965
7200.0,10.2187386,8.6379652,1.5817951,1.3036083,1.10164356,0.201689056
