parameter,value
surface_H,8.41147567747723
DL,1.8446619927585716e-11
