time,C_mol,CL_mol,CT_mol,C_wtppm,CL_wtppm,CT_wtppm
0.0,0.0,0.0,0.0,0.0,0.0,0.0
120.0,3.30592155,2.71345997,0.593123291,0.421744141,0.346084808,0.0756406174
600.0,3.89273787,3.21623945,0.677080322,0.496774597,0.410311218,0.0863796616
1800.0,5.08924103,4.24110985,0.848201965,0.649195679,0.540954834,0.108213898
7200.0,7.99659824,6.73229551,1.26390707,1.02003765,0.858754761,0.161255737
