parameter,value
surface_H,9.740228269667593
DL,3.7482756182543606e-10
