time,C_mol,CL_mol,CT_mol,C_wtppm,CL_wtppm,CT_wtppm
0.0,0.0,0.0,0.0,0.0,0.0,0.0
120.0,6.06805658,5.07954121,0.988309265,0.774287476,0.647967651,0.126047913
600.0,10.14118,8.57125092,1.5704788,1.29389048,1.09328842,0.200328705
1800.0,11.4536886,9.69664764,1.75829911,1.46179211,1.2372874,0.22426738
7200.0,11.5020981,9.7402277,1.76555967,1.46843255,1.24227691,0.225128006
