parameter,value
surface_H,6.813782694425654
DL,5.588706219401702e-10
