time,C_mol,CL_mol,CT_mol,C_wtppm,CL_wtppm,CT_wtppm
0.0,0.0,0.0,0.0,0.0,0.0,0.0
120.0,4.7736969,3.96991968,0.803142456,0.608917847,0.506402008,0.102456985
600.0,7.5955677,6.38734674,1.206424,0.968971436,0.814930603,0.153956985
1800.0,8.08649445,6.80986261,1.27699673,1.03172147,0.868797974,0.162873077
7200.0,8.09301472,6.81271887,1.27736104,1.03260481,0.869165771,0.163041763
