parameter,value
surface_H,7.4630154747513995
DL,8.923757111658117e-10
