time,C_mol,CL_mol,CT_mol,C_wtppm,CL_wtppm,CT_wtppm
0.0,0.0,0.0,0.0,0.0,0.0,0.0
120.0,5.89105606,4.92858839,0.962934021,0.751601074,0.628711609,0.122859001
600.0,8.64788914,7.29207802,1.35716188,1.10327363,0.930016235,0.173138657
1800.0,8.84636307,7.46519709,1.38570523,1.12890267,0.951655334,0.176759659
7200.0,8.84643841,7.46550274,1.3857075,1.12890494,0.95165979,0.176760223
