parameter,value
surface_H,8.657629746214603
DL,1.0064662253344501e-10
