time,C_mol,CL_mol,CT_mol,C_wtppm,CL_wtppm,CT_wtppm
0.0,0.0,0.0,0.0,0.0,0.0,0.0
120.0,4.02119827,3.32524681,0.695473083,0.513083679,0.424249207,0.0887131958
600.0,6.26267958,5.24564552,1.01583481,0.798738281,0.669313538,0.129610474
1800.0,8.83745289,7.45154142,1.383798,1.12727523,0.950854431,0.176541077
7200.0,10.2280035,8.64334965,1.58266985,1.30493963,1.10296237,0.201882233
