parameter,value
surface_H,8.65700821571213
DL,1.0043689321628753e-10
