time,C_mol,CL_mol,CT_mol,C_wtppm,CL_wtppm,CT_wtppm
0.0,0.0,0.0,0.0,0.0,0.0,0.0
120.0,4.02016354,3.32400036,0.695297363,0.512777832,0.424146667,0.088674942
600.0,6.2565546,5.24095726,1.01515353,0.798282349,0.668733887,0.129517548
1800.0,8.83021927,7.44728374,1.3831743,1.12644947,0.950023132,0.176460587
7200.0,10.2256174,8.64296532,1.58260846,1.30431414,1.10264671,0.201868454
