parameter,value
surface_H,9.34474833303248
DL,1.9363898344998013e-10
