time,C_mol,CL_mol,CT_mol,C_wtppm,CL_wtppm,CT_wtppm
0.0,0.0,0.0,0.0,0.0,0.0,0.0
120.0,4.93525219,4.10863638,0.825980286,0.629535828,0.52423822,0.105378799
600.0,8.2816267,6.97650433,1.3046248,1.05646217,0.890045776,0.166431
1800.0,10.6189766,8.98118973,1.63856828,1.35490942,1.14556706,0.209070953
7200.0,11.0414658,9.34383106,1.6992209,1.40911365,1.19174957,0.216796341
