parameter,value
surface_H,8.6054130117132
DL,1.093057916104512e-10
