time,C_mol,CL_mol,CT_mol,C_wtppm,CL_wtppm,CT_wtppm
0.0,0.0,0.0,0.0,0.0,0.0,0.0
120.0,4.05463266,3.35443091,0.700438416,0.517298584,0.427966797,0.0893459473
600.0,6.39422417,5.35890913,1.03465366,0.815575012,0.683629822,0.132019836
1800.0,8.94797897,7.54695463,1.39953101,1.14144039,0.962701538,0.178591415
7200.0,10.1719303,8.59749794,1.5746398,1.29789853,1.09680247,0.200905624
