parameter,value
surface_H,7.942175466433707
DL,7.516952009526915e-10
