time,C_mol,CL_mol,CT_mol,C_wtppm,CL_wtppm,CT_wtppm
0.0,0.0,0.0,0.0,0.0,0.0,0.0
120.0,5.99267721,5.0158329,0.977459778,0.764416626,0.639931396,0.124718544
600.0,9.09131908,7.66948462,1.42005563,1.15947425,0.97864447,0.18121109
1800.0,9.40633678,7.9395566,1.46505237,1.19959259,1.01329243,0.186993332
7200.0,9.40643692,7.94037294,1.46510231,1.19960737,1.01344573,0.18700383
