parameter,value
surface_H,10.240772273531224
DL,3.753720281273205e-10
