time,C_mol,CL_mol,CT_mol,C_wtppm,CL_wtppm,CT_wtppm
0.0,0.0,0.0,0.0,0.0,0.0,0.0
120.0,6.37535238,5.34354591,1.03197801,0.813509521,0.681743103,0.131659378
600.0,10.6587067,9.01395988,1.64412856,1.3599807,1.14985728,0.209769714
1800.0,12.0391569,10.1955614,1.84098899,1.53583539,1.30080032,0.234879074
7200.0,12.0918684,10.2411041,1.8479054,1.54272413,1.30609715,0.235839386
