parameter,value
surface_H,6.980861486308342
DL,9.532381522003529e-10
