time,C_mol,CL_mol,CT_mol,C_wtppm,CL_wtppm,CT_wtppm
0.0,0.0,0.0,0.0,0.0,0.0,0.0
120.0,5.6097846,4.68854332,0.922849121,0.71565332,0.598109253,0.117736816
600.0,8.12579918,6.84460402,1.28256404,1.03670132,0.873057739,0.16359993
1800.0,8.28404331,6.98331833,1.30496979,1.05693758,0.890621216,0.166506226
7200.0,8.28412151,6.98332119,1.30497324,1.05693829,0.890623291,0.166506485
