parameter,value
surface_H,8.657666630160904
DL,1.0065599389978161e-10
