time,C_mol,CL_mol,CT_mol,C_wtppm,CL_wtppm,CT_wtppm
0.0,0.0,0.0,0.0,0.0,0.0,0.0
120.0,4.02121258,3.3252759,0.695478333,0.513084351,0.424252319,0.0887135391
600.0,6.26287508,5.24576473,1.01584232,0.798774292,0.669330872,0.129612976
1800.0,8.83752346,7.45198679,1.38381326,1.12728596,0.950869324,0.176546112
7200.0,10.2280178,8.6433754,1.58267355,1.3049407,1.10296619,0.201882507
