parameter,value
surface_H,7.817672357459218
DL,9.999999999999999e-10
