time,C_mol,CL_mol,CT_mol,C_wtppm,CL_wtppm,CT_wtppm
0.0,0.0,0.0,0.0,0.0,0.0,0.0
120.0,6.33987236,5.31288671,1.02712834,0.808823059,0.677756714,0.131035278
600.0,9.10439205,7.68162394,1.42215121,1.16154647,0.980113342,0.181436478
1800.0,9.26212502,7.81554699,1.44507027,1.18149018,0.997568359,0.184240067
7200.0,9.26212978,7.81555319,1.44507027,1.18201518,0.997584167,0.184240128
