time,C_mol,CL_mol,CT_mol,C_wtppm,CL_wtppm,CT_wtppm
0.0,0.0,0.0,0.0,0.0,0.0,0.0
120.0,3.20482087,2.62705564,0.578397705,0.408928436,0.335048889,0.0737985458
600.0,3.53623748,2.91086125,0.62613031,0.451192383,0.371339569,0.0798866196
1800.0,4.27107954,3.54062986,0.731468323,0.544950439,0.451666656,0.0933065414
7200.0,6.52123308,5.4677515,1.05310321,0.831915466,0.697569519,0.13436644
