parameter,value
surface_H,7.5852575781595615
DL,1.4291464555440893e-10
