time,C_mol,CL_mol,CT_mol,C_wtppm,CL_wtppm,CT_wtppm
0.0,0.0,0.0,0.0,0.0,0.0,0.0
120.0,3.77751184,3.11704063,0.660665833,0.481918335,0.397608521,0.0842776337
600.0,6.1560483,5.15380096,1.00088418,0.78531134,0.65759967,0.12768708
1800.0,8.31097889,7.00140953,1.30894625,1.06028521,0.893272034,0.16698555
7200.0,8.98955441,7.58163881,1.40615284,1.14699984,0.967250671,0.179323669
