parameter,value
surface_H,7.311448528652823
DL,2.624704762138472e-11
