time,C_mol,CL_mol,CT_mol,C_wtppm,CL_wtppm,CT_wtppm
0.0,0.0,0.0,0.0,0.0,0.0,0.0
120.0,2.9481051,2.40591288,0.542044006,0.376146667,0.306882355,0.0691498489
600.0,3.64242625,3.00122547,0.641325745,0.464718933,0.382819061,0.0818312988
1800.0,4.96185589,4.13292599,0.830514526,0.633122803,0.527235413,0.105929726
7200.0,7.62636805,6.41547298,1.21106791,0.97275293,0.818553589,0.154502014
