parameter,value
surface_H,6.237098403182226
DL,6.840710929313304e-10
