time,C_mol,CL_mol,CT_mol,C_wtppm,CL_wtppm,CT_wtppm
0.0,0.0,0.0,0.0,0.0,0.0,0.0
120.0,4.62203979,3.84027719,0.781605225,0.589667297,0.48995401,0.099689415
600.0,7.11370325,5.97467756,1.13778985,0.907582336,0.762320374,0.145141983
1800.0,7.41934538,6.23487759,1.18108726,0.946152893,0.795374939,0.150706131
7200.0,7.42088461,6.23534298,1.18118787,0.946780396,0.795473083,0.150722412
