parameter,value
surface_H,8.588644831788045
DL,1.0957213669591588e-10
