time,C_mol,CL_mol,CT_mol,C_wtppm,CL_wtppm,CT_wtppm
0.0,0.0,0.0,0.0,0.0,0.0,0.0
120.0,4.04908371,3.34957647,0.699655396,0.516634338,0.427346863,0.089222847
600.0,6.38518953,5.35132599,1.03386402,0.814817688,0.682866943,0.131870102
1800.0,8.93399906,7.53696823,1.39799726,1.13983786,0.961449219,0.178328644
7200.0,10.152112,8.58061695,1.57203579,1.29515207,1.09462881,0.20051915
