parameter,value
surface_H,9.467110221810367
DL,3.8976935131200817e-10
