time,C_mol,CL_mol,CT_mol,C_wtppm,CL_wtppm,CT_wtppm
0.0,0.0,0.0,0.0,0.0,0.0,0.0
120.0,5.96539879,4.99169636,0.973271484,0.760969238,0.636695801,0.124184563
600.0,9.93447971,8.39353848,1.54052591,1.26731229,1.07068956,0.196544937
1800.0,11.1478806,9.43253803,1.71370435,1.42181826,1.20310342,0.218633484
7200.0,11.1874647,9.46856213,1.71902013,1.4268384,1.20739317,0.219339874
