parameter,value
surface_H,8.610650071911355
DL,1.0549662092101118e-10
