time,C_mol,CL_mol,CT_mol,C_wtppm,CL_wtppm,CT_wtppm
0.0,0.0,0.0,0.0,0.0,0.0,0.0
120.0,4.03219175,3.33554459,0.696965149,0.514420532,0.425587402,0.0889351044
600.0,6.3247118,5.29783392,1.02464974,0.806730713,0.676069153,0.130732071
1800.0,8.88296604,7.49197817,1.39050043,1.13310897,0.955758301,0.177382111
7200.0,10.1748514,8.60101032,1.57540464,1.29820025,1.09710896,0.200956146
