parameter,value
surface_H,7.838598647292317
DL,6.727595190874246e-10
