time,C_mol,CL_mol,CT_mol,C_wtppm,CL_wtppm,CT_wtppm
0.0,0.0,0.0,0.0,0.0,0.0,0.0
120.0,5.74584198,4.80522585,0.942569641,0.733240051,0.612885864,0.120220734
600.0,8.88937855,7.49880171,1.39170468,1.13421381,0.956583496,0.177537964
1800.0,9.28299809,7.83683729,1.44841969,1.18433785,0.999943359,0.184695694
7200.0,9.2838583,7.84070349,1.44890046,1.18479764,1.00000012,0.184718796
