parameter,value
surface_H,8.069727056986018
DL,1.71553188971895e-10
