time,C_mol,CL_mol,CT_mol,C_wtppm,CL_wtppm,CT_wtppm
0.0,0.0,0.0,0.0,0.0,0.0,0.0
120.0,4.16619301,3.45002031,0.716245972,0.531487488,0.4400383,0.0913700256
600.0,6.91872311,5.80831194,1.1097846,0.882515808,0.741004822,0.141578491
1800.0,9.06597042,7.6477561,1.41679704,1.15649569,0.9757901,0.180707458
7200.0,9.55955982,8.06610966,1.48715353,1.21883678,1.02946079,0.189604813
