parameter,value
surface_H,8.577719252666427
DL,1.1024067717437976e-10
