time,C_mol,CL_mol,CT_mol,C_wtppm,CL_wtppm,CT_wtppm
0.0,0.0,0.0,0.0,0.0,0.0,0.0
120.0,4.04887342,3.34973812,0.699426086,0.516512878,0.427382324,0.0892259216
600.0,6.39084816,5.35591173,1.03439581,0.815381348,0.683297424,0.131935852
1800.0,8.93632221,7.53668308,1.39801919,1.13970494,0.961475708,0.178377716
7200.0,10.1404276,8.56971264,1.57017028,1.29358959,1.0932529,0.200334518
