parameter,value
surface_H,8.602463731044319
DL,1.0851470829974206e-10
