time,C_mol,CL_mol,CT_mol,C_wtppm,CL_wtppm,CT_wtppm
0.0,0.0,0.0,0.0,0.0,0.0,0.0
120.0,4.04881382,3.34875822,0.699321777,0.516575256,0.427290161,0.089222229
600.0,6.37469292,5.34340286,1.03238142,0.813534302,0.681812195,0.13168158
1800.0,8.92854595,7.53272963,1.39710402,1.13932931,0.961003418,0.178264526
7200.0,10.1675797,8.59485435,1.57410872,1.2972759,1.09630573,0.200837418
