parameter,value
surface_H,8.630079626502198
DL,1.0589533522272274e-10
