time,C_mol,CL_mol,CT_mol,C_wtppm,CL_wtppm,CT_wtppm
0.0,0.0,0.0,0.0,0.0,0.0,0.0
120.0,4.04388189,3.34593225,0.698712341,0.515916077,0.426790771,0.0891251831
600.0,6.34478855,5.3178668,1.02790821,0.809551453,0.678453186,0.131129395
1800.0,8.90988064,7.51524544,1.3944521,1.13649845,0.958881409,0.177910278
7200.0,10.1984768,8.61996365,1.57875896,1.30102015,1.09967792,0.201388718
