parameter,value
surface_H,7.1051350641719555
DL,4.996655996190083e-10
