time,C_mol,CL_mol,CT_mol,C_wtppm,CL_wtppm,CT_wtppm
0.0,0.0,0.0,0.0,0.0,0.0,0.0
120.0,4.82418823,4.01296949,0.810349426,0.615320374,0.511932739,0.103370438
600.0,7.79908466,6.56339121,1.23546803,0.994915344,0.837209045,0.157638016
1800.0,8.42173958,7.09721804,1.3247112,1.07451439,0.905345947,0.169000977
7200.0,8.43416691,7.10620975,1.32562006,1.07562232,0.906280151,0.16911554
