parameter,value
surface_H,8.849373640566286
DL,1.181628311946588e-10
