time,C_mol,CL_mol,CT_mol,C_wtppm,CL_wtppm,CT_wtppm
0.0,0.0,0.0,0.0,0.0,0.0,0.0
120.0,4.22573566,3.50054431,0.724686401,0.538986572,0.446508484,0.0924485931
600.0,6.73712826,5.6529212,1.08407032,0.85955426,0.721317627,0.138271332
1800.0,9.34634304,7.88927555,1.45685661,1.1924665,1.00647402,0.18581955
7200.0,10.4617968,8.84400654,1.61587393,1.33435011,1.12842155,0.206121994
