parameter,value
surface_H,9.182098500785475
DL,3.5228383314845243e-10
