time,C_mol,CL_mol,CT_mol,C_wtppm,CL_wtppm,CT_wtppm
0.0,0.0,0.0,0.0,0.0,0.0,0.0
120.0,5.63485003,4.7081995,0.926071533,0.718930542,0.600788879,0.118179337
600.0,9.45152473,7.98088312,1.47170591,1.20562387,1.01820767,0.187804718
1800.0,10.7936592,9.1318922,1.66332793,1.37676692,1.16504049,0.212240082
7200.0,10.8525543,9.18487072,1.67193067,1.38415873,1.1717757,0.213370789
