parameter,value
surface_H,5.752828086170284
DL,4.4000487979493754e-10
