time,C_mol,CL_mol,CT_mol,C_wtppm,CL_wtppm,CT_wtppm
0.0,0.0,0.0,0.0,0.0,0.0,0.0
120.0,3.80001974,3.13622475,0.663913635,0.484835724,0.400128174,0.0847060165
600.0,6.22092104,5.2105093,1.0100069,0.793654175,0.664793701,0.128858856
1800.0,6.83914137,5.74029684,1.09850252,0.872526978,0.732406494,0.140156586
7200.0,6.85528946,5.75105238,1.1002903,0.874568542,0.734216675,0.140420425
