parameter,value
surface_H,8.82979174092685
DL,3.2162626179384656e-10
