time,C_mol,CL_mol,CT_mol,C_wtppm,CL_wtppm,CT_wtppm
0.0,0.0,0.0,0.0,0.0,0.0,0.0
120.0,5.29367876,4.41656494,0.877691956,0.67561322,0.563533875,0.111979546
600.0,8.92179012,7.52562618,1.3962301,1.1381315,0.960190857,0.17813768
1800.0,10.3596458,8.75921535,1.60166717,1.3215028,1.11736751,0.204346649
7200.0,10.4398222,8.83042622,1.61329842,1.33209717,1.1263454,0.205915253
