parameter,value
surface_H,8.629297965309402
DL,1.8359374615965396e-10
