time,C_mol,CL_mol,CT_mol,C_wtppm,CL_wtppm,CT_wtppm
0.0,0.0,0.0,0.0,0.0,0.0,0.0
120.0,4.51299047,3.74766588,0.765677856,0.575677124,0.477968811,0.0976979828
600.0,7.53891373,6.34013891,1.1988132,0.961933716,0.808984741,0.152906235
1800.0,9.76095867,8.24536133,1.51625919,1.24522209,1.05200613,0.193436722
7200.0,10.2097778,8.62758541,1.57974172,1.30214465,1.10121834,0.201631058
