parameter,value
surface_H,8.656150621197025
DL,1.0050258938649199e-10
