time,C_mol,CL_mol,CT_mol,C_wtppm,CL_wtppm,CT_wtppm
0.0,0.0,0.0,0.0,0.0,0.0,0.0
120.0,4.0202527,3.32421279,0.695325684,0.512910156,0.424150452,0.0886861496
600.0,6.25722265,5.24316406,1.01530588,0.798393127,0.668843689,0.129531464
1800.0,8.83097935,7.44782162,1.38325739,1.12652016,0.95011261,0.176480301
7200.0,10.2253771,8.64255142,1.58255637,1.3041327,1.10255933,0.201854294
