parameter,value
surface_H,8.583120333317385
DL,1.0984101742781098e-10
