time,C_mol,CL_mol,CT_mol,C_wtppm,CL_wtppm,CT_wtppm
0.0,0.0,0.0,0.0,0.0,0.0,0.0
120.0,4.04848909,3.34928846,0.699375427,0.516479248,0.427227539,0.0892189102
600.0,6.38724327,5.35399294,1.03380919,0.814699402,0.682982117,0.131902145
1800.0,8.93388844,7.53539181,1.39791572,1.13965058,0.961344238,0.178327072
7200.0,10.1449146,8.57422447,1.57129121,1.29437673,1.09409082,0.200431808
