parameter,value
surface_H,9.146964211162159
DL,3.232731554479707e-11
