time,C_mol,CL_mol,CT_mol,C_wtppm,CL_wtppm,CT_wtppm
0.0,0.0,0.0,0.0,0.0,0.0,0.0
120.0,3.70535707,3.0560956,0.6502854,0.472864166,0.389886688,0.0829514465
600.0,4.74172878,3.94343543,0.798494446,0.604973022,0.503007355,0.101855011
1800.0,6.61440134,5.54780293,1.06639791,0.843764465,0.707656799,0.136042862
7200.0,9.91347504,8.37515926,1.53791893,1.26461565,1.06838393,0.196173386
