parameter,value
surface_H,9.18799746598771
DL,1.32095524785385e-10
