time,C_mol,CL_mol,CT_mol,C_wtppm,CL_wtppm,CT_wtppm
0.0,0.0,0.0,0.0,0.0,0.0,0.0
120.0,4.47479486,3.71522522,0.760500366,0.570858032,0.473958099,0.097003334
600.0,7.24304533,6.08771467,1.15621591,0.924064575,0.776495178,0.147508057
1800.0,9.90527058,8.36860085,1.5363853,1.26350462,1.06754875,0.196012344
7200.0,10.857502,9.18698406,1.67242479,1.3853482,1.17187381,0.213388184
