parameter,value
surface_H,9.53247479399512
DL,2.2888450183314923e-10
