time,C_mol,CL_mol,CT_mol,C_wtppm,CL_wtppm,CT_wtppm
0.0,0.0,0.0,0.0,0.0,0.0,0.0
120.0,5.23355389,4.36457586,0.868910156,0.667688721,0.556812622,0.110825073
600.0,8.85129452,7.46522141,1.38588929,1.12932169,0.952323853,0.176803177
1800.0,10.9857616,9.2958107,1.69122756,1.40195882,1.18597031,0.215753937
7200.0,11.2600689,9.53140259,1.73047268,1.43724108,1.21606696,0.220728348
