parameter,value
surface_H,8.585151947314394
DL,1.097910972279209e-10
