time,C_mol,CL_mol,CT_mol,C_wtppm,CL_wtppm,CT_wtppm
0.0,0.0,0.0,0.0,0.0,0.0,0.0
120.0,4.04841232,3.3497653,0.699414246,0.516525696,0.427368347,0.0892325592
600.0,6.38726902,5.35421324,1.03383327,0.814721008,0.683089844,0.131910141
1800.0,8.93425369,7.53597116,1.39802992,1.139709,0.961494629,0.178342361
7200.0,10.146615,8.5757246,1.571468,1.29455626,1.09431052,0.200467926
