parameter,value
surface_H,7.858076171104715
DL,6.644047906972195e-10
