time,C_mol,CL_mol,CT_mol,C_wtppm,CL_wtppm,CT_wtppm
0.0,0.0,0.0,0.0,0.0,0.0,0.0
120.0,5.74209213,4.80107164,0.941522156,0.732511047,0.61234967,0.12015226
600.0,8.9017477,7.50819349,1.39341366,1.13565135,0.957874756,0.177750534
1800.0,9.31018829,7.85777235,1.45111609,1.18748105,1.00218141,0.185112885
7200.0,9.31184864,7.85875273,1.45191503,1.18751991,1.00239551,0.18517659
