parameter,value
surface_H,6.433305684698966
DL,5.239270104975958e-10
