time,C_mol,CL_mol,CT_mol,C_wtppm,CL_wtppm,CT_wtppm
0.0,0.0,0.0,0.0,0.0,0.0,0.0
120.0,4.43632412,3.68105316,0.755236206,0.566011108,0.469695221,0.0963297729
600.0,7.11993313,5.98116064,1.13884473,0.908476013,0.762967407,0.145253113
1800.0,7.64020729,6.42753792,1.21304548,0.974917358,0.819905334,0.15477327
7200.0,7.6443491,6.43400431,1.21447897,0.976084778,0.820447754,0.154829407
