parameter,value
surface_H,8.618240126040492
DL,1.0709272926572684e-10
