time,C_mol,CL_mol,CT_mol,C_wtppm,CL_wtppm,CT_wtppm
0.0,0.0,0.0,0.0,0.0,0.0,0.0
120.0,4.04680395,3.34772015,0.698990295,0.516318542,0.427129333,0.0891958771
600.0,6.36165571,5.33067083,1.0300374,0.811409119,0.67998822,0.131398071
1800.0,8.92036915,7.52480602,1.39576316,1.13792074,0.959893555,0.178066422
7200.0,10.1863022,8.60920715,1.57655537,1.29929209,1.09830165,0.201142181
