parameter,value
surface_H,8.843419186939004
DL,1.17699887000435e-10
