time,C_mol,CL_mol,CT_mol,C_wtppm,CL_wtppm,CT_wtppm
0.0,0.0,0.0,0.0,0.0,0.0,0.0
120.0,4.21986151,3.49545979,0.723902527,0.53824353,0.44597049,0.0923536758
600.0,6.72321939,5.64205647,1.08209074,0.85775354,0.719917358,0.138044037
1800.0,9.33310032,7.87862635,1.45499766,1.19061351,1.00512195,0.185605743
7200.0,10.4518957,8.83909035,1.61481547,1.33347368,1.12742317,0.206036209
