parameter,value
surface_H,8.39798255674539
DL,4.955740485621653e-10
