time,C_mol,CL_mol,CT_mol,C_wtppm,CL_wtppm,CT_wtppm
0.0,0.0,0.0,0.0,0.0,0.0,0.0
120.0,5.66278505,4.73170662,0.930178345,0.722335449,0.603747131,0.11870842
600.0,9.17975235,7.74719238,1.43324828,1.17125559,0.988487793,0.182871475
1800.0,9.92602444,8.38685036,1.53998804,1.26666117,1.07014251,0.196474213
7200.0,9.93806362,8.39556599,1.54198551,1.26815045,1.07162321,0.196740387
