parameter,value
surface_H,9.913559171682135
DL,1.870947373650329e-10
