time,C_mol,CL_mol,CT_mol,C_wtppm,CL_wtppm,CT_wtppm
0.0,0.0,0.0,0.0,0.0,0.0,0.0
120.0,5.18545341,4.32341337,0.861924561,0.661456604,0.551625305,0.109930885
600.0,8.68917274,7.32597971,1.36284685,1.10841584,0.934799011,0.173862335
1800.0,11.2188873,9.491642,1.72394228,1.43090737,1.21122599,0.21993219
7200.0,11.7104816,9.90922546,1.79375207,1.49319935,1.26525891,0.228908051
