parameter,value
surface_H,8.629664417860136
DL,1.057982330194335e-10
