time,C_mol,CL_mol,CT_mol,C_wtppm,CL_wtppm,CT_wtppm
0.0,0.0,0.0,0.0,0.0,0.0,0.0
120.0,4.04281998,3.34529662,0.698642761,0.515862244,0.426716492,0.0891165771
600.0,6.34321404,5.31509924,1.02775717,0.809313965,0.678258667,0.131095215
1800.0,8.90780258,7.51340389,1.39421082,1.13627625,0.958616089,0.177853485
7200.0,10.1982698,8.61978149,1.57869697,1.30097973,1.09965265,0.201385986
