parameter,value
surface_H,10.206325134316995
DL,2.4777499812633836e-10
