time,C_mol,CL_mol,CT_mol,C_wtppm,CL_wtppm,CT_wtppm
0.0,0.0,0.0,0.0,0.0,0.0,0.0
120.0,5.70343161,4.76686096,0.936226929,0.727596802,0.608404785,0.119413002
600.0,9.66699028,8.16485596,1.50296617,1.2334981,1.04170346,0.191690506
1800.0,11.8175449,10.0075483,1.80968988,1.50752091,1.27642775,0.230829773
7200.0,12.0530615,10.2077427,1.84349763,1.5378499,1.30192685,0.234986877
