parameter,value
surface_H,8.591703571633609
DL,1.07801203224571e-10
