time,C_mol,CL_mol,CT_mol,C_wtppm,CL_wtppm,CT_wtppm
0.0,0.0,0.0,0.0,0.0,0.0,0.0
120.0,4.03918839,3.34100842,0.6981828,0.515288025,0.426194061,0.0890377655
600.0,6.35547018,5.32585096,1.02928233,0.810689941,0.679253113,0.131285126
1800.0,8.90608311,7.51196671,1.39395499,1.13624835,0.958301758,0.177809235
7200.0,10.1553926,8.58259583,1.57232499,1.29539371,1.09488952,0.200548782
