parameter,value
surface_H,8.865625
DL,8.143749999999999e-10
