parameter,value
surface_H,9.220258210226785
DL,7.831456434726713e-10
