time,C_mol,CL_mol,CT_mol,C_wtppm,CL_wtppm,CT_wtppm
0.0,0.0,0.0,0.0,0.0,0.0,0.0
120.0,7.00935173,5.88525343,1.12263191,0.894223877,0.750844849,0.143228989
600.0,10.56318,8.93147564,1.63076258,1.34757113,1.13956189,0.208023468
1800.0,10.8999872,9.21885109,1.67881286,1.39056683,1.17593789,0.214136902
7200.0,10.9035206,9.21893978,1.67883968,1.39060497,1.17607856,0.214221436
