parameter,value
surface_H,8.58744273461827
DL,1.0730119594881768e-10
