time,C_mol,CL_mol,CT_mol,C_wtppm,CL_wtppm,CT_wtppm
0.0,0.0,0.0,0.0,0.0,0.0,0.0
120.0,4.03406811,3.336128,0.697202576,0.514609985,0.425802734,0.0889665604
600.0,6.34205818,5.31465006,1.02724361,0.809142151,0.677953369,0.131065262
1800.0,8.89239216,7.501297,1.39193141,1.13449752,0.956977234,0.177561584
7200.0,10.1475658,8.57831478,1.57164204,1.29485893,1.09439325,0.20048497
