parameter,value
surface_H,8.601684523918333
DL,1.0876746651911613e-10
