time,C_mol,CL_mol,CT_mol,C_wtppm,CL_wtppm,CT_wtppm
0.0,0.0,0.0,0.0,0.0,0.0,0.0
120.0,4.04994202,3.35035777,0.699501648,0.516771362,0.42739798,0.0892462006
600.0,6.38034821,5.34817076,1.03290725,0.814064148,0.682290527,0.131757462
1800.0,8.93343163,7.53645658,1.39763701,1.13979268,0.961341614,0.178332245
7200.0,10.1672602,8.59414577,1.57406926,1.29710579,1.09626579,0.200830276
