parameter,value
surface_H,8.849332160948018
DL,1.15439386595213e-10
