time,C_mol,CL_mol,CT_mol,C_wtppm,CL_wtppm,CT_wtppm
0.0,0.0,0.0,0.0,0.0,0.0,0.0
120.0,4.20749664,3.48518085,0.72212085,0.53677533,0.444596497,0.0921296844
600.0,6.68688154,5.60979748,1.07669318,0.853216248,0.715680176,0.137361938
1800.0,9.30221939,7.85113144,1.45056915,1.18690157,1.00167763,0.185031509
7200.0,10.4580612,8.84346867,1.61571872,1.33425581,1.12820899,0.206113495
