parameter,value
surface_H,6.621875185889647
DL,1.057261667217831e-11
