time,C_mol,CL_mol,CT_mol,C_wtppm,CL_wtppm,CT_wtppm
0.0,0.0,0.0,0.0,0.0,0.0,0.0
120.0,2.57997561,2.09085393,0.489038208,0.329148529,0.266712158,0.062383709
600.0,2.85766745,2.32895064,0.529116089,0.364582825,0.297015961,0.0675084915
1800.0,3.46946955,2.85307717,0.616544861,0.442707642,0.364001465,0.0786819763
7200.0,5.31160641,4.43023396,0.879911743,0.677484802,0.565231689,0.112255753
