parameter,value
surface_H,7.694269933877484
DL,6.179874567874015e-10
