time,C_mol,CL_mol,CT_mol,C_wtppm,CL_wtppm,CT_wtppm
0.0,0.0,0.0,0.0,0.0,0.0,0.0
120.0,5.51838017,4.60868645,0.909489868,0.704021912,0.587886292,0.116038666
600.0,8.65641594,7.29614162,1.35839868,1.10446239,0.931052429,0.173269165
1800.0,9.11667538,7.68979454,1.42365682,1.16310012,0.981164307,0.181640411
7200.0,9.12189007,7.69119644,1.42454898,1.16368532,0.98191626,0.181650604
