parameter,value
surface_H,8.88902408669143
DL,6.489376015681912e-11
