time,C_mol,CL_mol,CT_mol,C_wtppm,CL_wtppm,CT_wtppm
0.0,0.0,0.0,0.0,0.0,0.0,0.0
120.0,3.86672688,3.19317985,0.673167419,0.49311618,0.407263672,0.0858973846
600.0,5.59110069,4.67168617,0.919721863,0.713341553,0.595906738,0.117341568
1800.0,8.0633688,6.7901783,1.27346027,1.028584,0.866173157,0.162445755
7200.0,10.3861141,8.78135395,1.6055572,1.32506883,1.12023127,0.204802399
