parameter,value
surface_H,10.161959071783809
DL,2.3561868327679423e-10
