time,C_mol,CL_mol,CT_mol,C_wtppm,CL_wtppm,CT_wtppm
0.0,0.0,0.0,0.0,0.0,0.0,0.0
120.0,5.60982275,4.68736029,0.922733154,0.715709717,0.598002197,0.11767939
600.0,9.50121212,8.02059174,1.47865272,1.21186316,1.02334094,0.188659393
1800.0,11.7274923,9.93043423,1.79691744,1.49638891,1.26704979,0.22925528
7200.0,11.9995012,10.1586351,1.83574665,1.53100336,1.29678524,0.23425206
