parameter,value
surface_H,8.60881505360437
DL,1.0632813322603089e-10
