time,C_mol,CL_mol,CT_mol,C_wtppm,CL_wtppm,CT_wtppm
0.0,0.0,0.0,0.0,0.0,0.0,0.0
120.0,4.03722429,3.33985734,0.697864685,0.515002502,0.426100128,0.0890208969
600.0,6.33861685,5.31189823,1.0269773,0.808539917,0.677695801,0.131008026
1800.0,8.89688206,7.50372744,1.39251196,1.13492453,0.957260437,0.177646164
7200.0,10.174015,8.59903431,1.57517791,1.29805398,1.0970304,0.200939453
