parameter,value
surface_H,7.850204975018727
DL,4.954844928707976e-10
