time,C_mol,CL_mol,CT_mol,C_wtppm,CL_wtppm,CT_wtppm
0.0,0.0,0.0,0.0,0.0,0.0,0.0
120.0,5.30143547,4.42377138,0.878847412,0.676377869,0.564452637,0.112106926
600.0,8.59035301,7.24161768,1.34900045,1.09601021,0.924007446,0.17210936
1800.0,9.28956699,7.83975315,1.44877303,1.18501067,1.00040197,0.184816116
7200.0,9.30045033,7.84736013,1.45018435,1.18631971,1.00174618,0.185050598
