parameter,value
surface_H,7.83469434765885
DL,5.056608702640764e-10
