time,C_mol,CL_mol,CT_mol,C_wtppm,CL_wtppm,CT_wtppm
0.0,0.0,0.0,0.0,0.0,0.0,0.0
120.0,5.32119703,4.44037724,0.881371826,0.678853943,0.566410156,0.112447266
600.0,8.59887028,7.2482667,1.35019851,1.09688282,0.924768921,0.172196182
1800.0,9.27115726,7.82493925,1.44637859,1.18296409,0.998454651,0.184500519
7200.0,9.28140259,7.83212376,1.44800556,1.18389511,0.999649841,0.184609314
