parameter,value
surface_H,10.004318622539543
DL,1.6977163992816734e-10
