time,C_mol,CL_mol,CT_mol,C_wtppm,CL_wtppm,CT_wtppm
0.0,0.0,0.0,0.0,0.0,0.0,0.0
120.0,5.11896515,4.26779413,0.85254303,0.653187073,0.544356995,0.10874958
600.0,8.51598835,7.17855453,1.33802855,1.086532,0.915754211,0.170705933
1800.0,11.1889315,9.46967793,1.72008467,1.42778015,1.20804524,0.219474945
7200.0,11.8125572,10.0016756,1.80874383,1.50753403,1.27623689,0.230856155
