parameter,value
surface_H,7.895834134939388
DL,4.6121152336764775e-10
