time,C_mol,CL_mol,CT_mol,C_wtppm,CL_wtppm,CT_wtppm
0.0,0.0,0.0,0.0,0.0,0.0,0.0
120.0,5.2299695,4.36119938,0.868419861,0.667263733,0.556403503,0.110789238
600.0,8.54863739,7.20569944,1.34286714,1.09058452,0.919320435,0.171314789
1800.0,9.33706093,7.88239956,1.45541477,1.1912818,1.00554371,0.18571022
7200.0,9.35392094,7.8941474,1.45733511,1.19296503,1.00746477,0.186025848
