parameter,value
surface_H,8.659119809671246
DL,1.0027429291251479e-10
