time,C_mol,CL_mol,CT_mol,C_wtppm,CL_wtppm,CT_wtppm
0.0,0.0,0.0,0.0,0.0,0.0,0.0
120.0,4.01998901,3.32390022,0.695293091,0.512722473,0.424101318,0.0886792374
600.0,6.25672531,5.23961639,1.01504517,0.798091187,0.668527405,0.129467224
1800.0,8.83059502,7.44634533,1.38319135,1.12646043,0.950107605,0.176426117
7200.0,10.2286787,8.64433479,1.58305728,1.30504096,1.10307944,0.201900848
