parameter,value
surface_H,8.842370700391234
DL,1.146690134584657e-10
