time,C_mol,CL_mol,CT_mol,C_wtppm,CL_wtppm,CT_wtppm
0.0,0.0,0.0,0.0,0.0,0.0,0.0
120.0,4.19891119,3.47794938,0.720834534,0.53556781,0.443647552,0.091953064
600.0,6.66784477,5.59336901,1.07388198,0.850456421,0.71374408,0.136993256
1800.0,9.28203487,7.83528328,1.44770944,1.18422735,0.999620544,0.184662628
7200.0,10.4500933,8.83665848,1.61456382,1.33328819,1.1272434,0.205985626
