parameter,value
surface_H,8.656687616032265
DL,1.0054045369086057e-10
