time,C_mol,CL_mol,CT_mol,C_wtppm,CL_wtppm,CT_wtppm
0.0,0.0,0.0,0.0,0.0,0.0,0.0
120.0,4.02048016,3.32455277,0.695352478,0.512951294,0.424185974,0.0886986237
600.0,6.25795794,5.24381113,1.01557517,0.798479248,0.668928162,0.129545883
1800.0,8.83259392,7.44869566,1.38342404,1.12663126,0.950202576,0.176507187
7200.0,10.2255459,8.64272404,1.58258903,1.3042562,1.10262346,0.201866699
