parameter,value
surface_H,8.256186138027585
DL,1.6587225475163453e-10
