time,C_mol,CL_mol,CT_mol,C_wtppm,CL_wtppm,CT_wtppm
0.0,0.0,0.0,0.0,0.0,0.0,0.0
120.0,4.22819281,3.50350237,0.725112244,0.539462646,0.446989258,0.0924909592
600.0,7.00533009,5.88178968,1.12195647,0.893357788,0.750275146,0.143129013
1800.0,9.23408604,7.79106998,1.44055784,1.17754483,0.99400885,0.183798126
7200.0,9.7764492,8.2531786,1.51834798,1.24644101,1.05318892,0.193702835
