parameter,value
surface_H,8.695528925759566
DL,1.6174342898066976e-10
