time,C_mol,CL_mol,CT_mol,C_wtppm,CL_wtppm,CT_wtppm
0.0,0.0,0.0,0.0,0.0,0.0,0.0
120.0,4.42177916,3.66907644,0.752808655,0.564206909,0.468113739,0.0960301437
600.0,7.3113718,6.14681196,1.16615152,0.932928162,0.784118225,0.148755783
1800.0,9.68301296,8.1790514,1.50491548,1.23539805,1.04335856,0.191997238
7200.0,10.2835102,8.69347858,1.59075701,1.31245303,1.10936618,0.203013763
