parameter,value
surface_H,9.463300962989168
DL,1.5075817473963062e-10
