time,C_mol,CL_mol,CT_mol,C_wtppm,CL_wtppm,CT_wtppm
0.0,0.0,0.0,0.0,0.0,0.0,0.0
120.0,4.72889185,3.93264341,0.79664386,0.60337207,0.501669586,0.10161702
600.0,7.77511692,6.5427494,1.23203015,0.991702271,0.8345849,0.157188416
1800.0,10.4220123,8.81034946,1.6101588,1.32925987,1.12393761,0.205401794
7200.0,11.1848764,9.46569633,1.71877253,1.42604971,1.20706165,0.21925061
