parameter,value
surface_H,8.263221465111297
DL,9.999999999999999e-10
