time,C_mol,CL_mol,CT_mol,C_wtppm,CL_wtppm,CT_wtppm
0.0,0.0,0.0,0.0,0.0,0.0,0.0
120.0,6.69216776,5.61543751,1.07778537,0.853872009,0.716335388,0.137495712
600.0,9.61436653,8.12037754,1.49543571,1.22654653,1.03595173,0.19076915
1800.0,9.78133678,8.26373672,1.51941311,1.24758387,1.05435491,0.193838531
7200.0,9.781394,8.2637558,1.51945543,1.2475841,1.05435514,0.193838699
