parameter,value
surface_H,8.657774474299295
DL,1.0063131330265768e-10
