time,C_mol,CL_mol,CT_mol,C_wtppm,CL_wtppm,CT_wtppm
0.0,0.0,0.0,0.0,0.0,0.0,0.0
120.0,4.02117729,3.32514501,0.69544397,0.513073303,0.424244171,0.088712883
600.0,6.26258993,5.24560118,1.01577675,0.798714294,0.669267517,0.129601868
1800.0,8.83729076,7.45142031,1.38378251,1.12723076,0.95084375,0.176539993
7200.0,10.2280397,8.64374638,1.58269322,1.30494618,1.10296679,0.20188298
