parameter,value
surface_H,8.073726559606648
DL,6.271840196330576e-10
