time,C_mol,CL_mol,CT_mol,C_wtppm,CL_wtppm,CT_wtppm
0.0,0.0,0.0,0.0,0.0,0.0,0.0
120.0,5.80665159,4.85487461,0.95096405,0.740738281,0.619454224,0.121281639
600.0,9.08999443,7.6705842,1.42019379,1.15977466,0.978420715,0.181200897
1800.0,9.56045437,8.07033157,1.48736489,1.21926057,1.02958941,0.189696365
7200.0,9.5623436,8.07446861,1.48798597,1.21989775,1.02980554,0.189817017
