parameter,value
surface_H,7.602384539693727
DL,9.46366230277371e-10
