time,C_mol,CL_mol,CT_mol,C_wtppm,CL_wtppm,CT_wtppm
0.0,0.0,0.0,0.0,0.0,0.0,0.0
120.0,6.08652306,5.0953126,0.990892273,0.776655457,0.650083557,0.126406776
600.0,8.83431244,7.4517169,1.38375926,1.12718284,0.950590637,0.176497604
1800.0,9.01073551,7.60550022,1.40911353,1.14967668,0.970207642,0.179697418
7200.0,9.01075077,7.60550642,1.40914214,1.14967823,0.970214966,0.17969751
