time,C_mol,CL_mol,CT_mol,C_wtppm,CL_wtppm,CT_wtppm
0.0,0.0,0.0,0.0,0.0,0.0,0.0
120.0,3.73557305,3.08126259,0.654199219,0.476474945,0.393096771,0.0834487152
600.0,4.12415886,3.41455483,0.710230957,0.526109558,0.435636078,0.090569313
1800.0,4.98608828,4.15361071,0.833467834,0.635992676,0.529846497,0.106335747
7200.0,7.62709856,6.41614056,1.21081197,0.972744202,0.81818042,0.154480392
