parameter,value
surface_H,9.326315089035866
DL,6.417755709029931e-10
