time,C_mol,CL_mol,CT_mol,C_wtppm,CL_wtppm,CT_wtppm
0.0,0.0,0.0,0.0,0.0,0.0,0.0
120.0,6.724998,5.64419889,1.08215582,0.858155762,0.720009277,0.138055725
600.0,10.5019398,8.8805294,1.6217581,1.33990848,1.13290679,0.206884125
1800.0,11.0202274,9.32328987,1.69545913,1.40607333,1.18930852,0.216318573
7200.0,11.0230799,9.32510281,1.69558418,1.40624857,1.18991721,0.216335831
