parameter,value
surface_H,7.449411024608906
DL,9.999999999999999e-10
