time,C_mol,CL_mol,CT_mol,C_wtppm,CL_wtppm,CT_wtppm
0.0,0.0,0.0,0.0,0.0,0.0,0.0
120.0,6.04703188,5.06289959,0.985326843,0.771618591,0.64583783,0.125712631
600.0,8.68237972,7.32070971,1.36167634,1.10746229,0.934024231,0.173710327
1800.0,8.8328104,7.45191574,1.38307619,1.12664318,0.950705078,0.176432404
7200.0,8.83281326,7.45212698,1.38308132,1.12664926,0.950705505,0.176432602
