parameter,value
surface_H,7.138495886531987
DL,7.48989066430031e-10
