time,C_mol,CL_mol,CT_mol,C_wtppm,CL_wtppm,CT_wtppm
0.0,0.0,0.0,0.0,0.0,0.0,0.0
120.0,5.39557219,4.50415468,0.89237207,0.688339905,0.574519836,0.113819237
600.0,8.1819725,6.89242363,1.29067099,1.04387474,0.879231323,0.164661911
1800.0,8.46882343,7.1396451,1.33183289,1.08046985,0.910393311,0.169902176
7200.0,8.46892834,7.13983727,1.3319478,1.08062816,0.910542053,0.169913284
