parameter,value
surface_H,7.271974164899445
DL,5.78063292093557e-10
