time,C_mol,CL_mol,CT_mol,C_wtppm,CL_wtppm,CT_wtppm
0.0,0.0,0.0,0.0,0.0,0.0,0.0
120.0,5.13082027,4.27626848,0.854070007,0.654593262,0.545551514,0.108959724
600.0,8.12834454,6.84488678,1.28283763,1.03685272,0.873303589,0.16363652
1800.0,8.62256145,7.26745558,1.35315263,1.0996989,0.92737207,0.172611176
7200.0,8.6250515,7.26952076,1.35416007,1.10027003,0.927734192,0.172724396
