parameter,value
surface_H,9.681564222463379
DL,4.9307991378008246e-11
