time,C_mol,CL_mol,CT_mol,C_wtppm,CL_wtppm,CT_wtppm
0.0,0.0,0.0,0.0,0.0,0.0,0.0
120.0,4.06562567,3.36285591,0.701710876,0.518575623,0.429121979,0.0895164032
600.0,5.601089,4.67952919,0.921381226,0.714461121,0.596920227,0.117517265
1800.0,8.04641533,6.77544785,1.27078938,1.02634251,0.864185852,0.162145889
7200.0,11.094141,9.38961792,1.70641637,1.41544843,1.19760919,0.217740143
