parameter,value
surface_H,8.609015035509083
DL,1.0727242076096179e-10
