time,C_mol,CL_mol,CT_mol,C_wtppm,CL_wtppm,CT_wtppm
0.0,0.0,0.0,0.0,0.0,0.0,0.0
120.0,4.04428816,3.34543586,0.698577026,0.515961975,0.42680777,0.089144165
600.0,6.35780144,5.32750225,1.0296526,0.810955994,0.679566284,0.131343292
1800.0,8.91453075,7.51956129,1.39509952,1.13719881,0.959173401,0.177983017
7200.0,10.174427,8.59951305,1.57536161,1.29811728,1.097067,0.200950897
