parameter,value
surface_H,9.641722921062582
DL,2.2564377395535034e-10
