time,C_mol,CL_mol,CT_mol,C_wtppm,CL_wtppm,CT_wtppm
0.0,0.0,0.0,0.0,0.0,0.0,0.0
120.0,5.27440071,4.39945889,0.874466492,0.672796021,0.561416443,0.111585869
600.0,8.91570473,7.52092361,1.39529061,1.13752449,0.959552002,0.17801535
1800.0,11.0994091,9.39280987,1.7075038,1.41610384,1.19831204,0.217827988
7200.0,11.3854809,9.64401054,1.74914932,1.45312512,1.23037529,0.223136856
