parameter,value
surface_H,8.581110107724664
DL,1.076767730798068e-10
