time,C_mol,CL_mol,CT_mol,C_wtppm,CL_wtppm,CT_wtppm
0.0,0.0,0.0,0.0,0.0,0.0,0.0
120.0,4.03426933,3.33642054,0.697208679,0.514601562,0.425665894,0.0889452896
600.0,6.34458494,5.31692553,1.02778232,0.809415649,0.678363586,0.13110881
1800.0,8.89401722,7.500525,1.39176273,1.1344105,0.957081543,0.177572906
7200.0,10.1426373,8.57162189,1.57043731,1.29406488,1.09365642,0.200369598
