parameter,value
surface_H,8.559930436879467
DL,3.824517006742612e-10
