time,C_mol,CL_mol,CT_mol,C_wtppm,CL_wtppm,CT_wtppm
0.0,0.0,0.0,0.0,0.0,0.0,0.0
120.0,5.37916279,4.49003792,0.889595886,0.686231323,0.572673035,0.11352652
600.0,8.96264458,7.56193924,1.40240455,1.14372039,0.964650513,0.178905502
1800.0,10.0883131,8.52605057,1.56297183,1.28692746,1.08765841,0.199378174
7200.0,10.1257257,8.56180191,1.56913781,1.29262495,1.09206784,0.200161163
