parameter,value
surface_H,8.656680107511164
DL,1.0050460199216697e-10
