time,C_mol,CL_mol,CT_mol,C_wtppm,CL_wtppm,CT_wtppm
0.0,0.0,0.0,0.0,0.0,0.0,0.0
120.0,4.02041817,3.32424355,0.695336121,0.512924438,0.424166077,0.08869561
600.0,6.2575717,5.2432723,1.01545572,0.798423035,0.66886438,0.129534927
1800.0,8.83171463,7.44837284,1.38336265,1.12655532,0.950157104,0.176490509
7200.0,10.2255402,8.64270878,1.58258867,1.30425286,1.10262132,0.201865662
