parameter,value
surface_H,7.552383832116808
DL,7.822317255151971e-10
