time,C_mol,CL_mol,CT_mol,C_wtppm,CL_wtppm,CT_wtppm
0.0,0.0,0.0,0.0,0.0,0.0,0.0
120.0,5.76448727,4.81921959,0.944848511,0.735462158,0.614909912,0.120546654
600.0,8.67562866,7.31570864,1.36117649,1.10706425,0.933258118,0.173644913
1800.0,8.95075035,7.54995918,1.40080678,1.14207685,0.963210938,0.178703033
7200.0,8.95083332,7.55007315,1.40103137,1.14216101,0.963277405,0.178708389
