parameter,value
surface_H,10.276132869905753
DL,5.258272794073728e-11
