time,C_mol,CL_mol,CT_mol,C_wtppm,CL_wtppm,CT_wtppm
0.0,0.0,0.0,0.0,0.0,0.0,0.0
120.0,4.33597994,3.59549308,0.740243652,0.55331311,0.458726562,0.0944433594
600.0,6.04677868,5.06223202,0.985007385,0.771473572,0.645752258,0.125663605
1800.0,8.70860863,7.34385014,1.36562443,1.11108863,0.936724487,0.174239853
7200.0,11.8315935,10.0217524,1.81187546,1.50924706,1.27822781,0.231157883
