parameter,value
surface_H,7.668309888259126
DL,5.022881184874613e-10
