time,C_mol,CL_mol,CT_mol,C_wtppm,CL_wtppm,CT_wtppm
0.0,0.0,0.0,0.0,0.0,0.0,0.0
120.0,5.20137548,4.33803415,0.864322571,0.663652771,0.553480164,0.11027742
600.0,8.41188908,7.08897591,1.32340884,1.07318842,0.904349609,0.16881636
1800.0,9.07827473,7.66061258,1.41881061,1.15820169,0.977223816,0.180954178
7200.0,9.0910902,7.67085457,1.42056108,1.15982926,0.978439453,0.181152176
