parameter,value
surface_H,8.658354275209128
DL,1.0035597582523523e-10
