time,C_mol,CL_mol,CT_mol,C_wtppm,CL_wtppm,CT_wtppm
0.0,0.0,0.0,0.0,0.0,0.0,0.0
120.0,4.02003765,3.32426858,0.695185486,0.512731628,0.424116638,0.0886745529
600.0,6.25747347,5.2405901,1.01493454,0.798200256,0.66863562,0.129497177
1800.0,8.83158684,7.44716454,1.38311338,1.12657213,0.950254883,0.176448898
7200.0,10.2281361,8.64404964,1.58272052,1.30499637,1.10298109,0.201887924
