parameter,value
surface_H,9.2486845417974
DL,6.60692374426751e-10
