time,C_mol,CL_mol,CT_mol,C_wtppm,CL_wtppm,CT_wtppm
0.0,0.0,0.0,0.0,0.0,0.0,0.0
120.0,6.7237463,5.64158249,1.08193207,0.85769397,0.719537598,0.138019531
600.0,10.4475031,8.83308601,1.61387992,1.33271396,1.1265924,0.20590918
1800.0,10.9323874,9.2487812,1.68335605,1.39447379,1.17967045,0.214766754
7200.0,10.9352884,9.24983788,1.68353844,1.3945365,1.1797111,0.214811523
