parameter,value
surface_H,8.842242046261935
DL,1.1821103825948582e-10
