time,C_mol,CL_mol,CT_mol,C_wtppm,CL_wtppm,CT_wtppm
0.0,0.0,0.0,0.0,0.0,0.0,0.0
120.0,4.22221613,3.49825573,0.724130188,0.538591553,0.446174072,0.0923811798
600.0,6.73227787,5.65029955,1.08319461,0.858909485,0.720885864,0.138177032
1800.0,9.34001637,7.88382626,1.45596409,1.1916523,1.00593567,0.185708481
7200.0,10.4511375,8.83804512,1.61466432,1.33334887,1.12734699,0.206007263
