parameter,value
surface_H,9.3109375
DL,7.834374999999999e-10
