parameter,value
surface_H,6.799923112988045
DL,8.081310604888768e-10
