time,C_mol,CL_mol,CT_mol,C_wtppm,CL_wtppm,CT_wtppm
0.0,0.0,0.0,0.0,0.0,0.0,0.0
120.0,5.24851704,4.37652445,0.871097839,0.669373779,0.558287903,0.111110916
600.0,7.84509993,6.60183954,1.24223185,1.00063336,0.842141846,0.158448456
1800.0,8.07607365,6.79778194,1.27484393,1.02986932,0.86725885,0.162631332
7200.0,8.07641506,6.79790449,1.27487779,1.02988434,0.867294617,0.162633499
