parameter,value
surface_H,6.6390625
DL,8.453124999999999e-10
