parameter,value
surface_H,8.132898135944407
DL,3.495877337805381e-11
