time,C_mol,CL_mol,CT_mol,C_wtppm,CL_wtppm,CT_wtppm
0.0,0.0,0.0,0.0,0.0,0.0,0.0
120.0,3.33069015,2.73421144,0.596698425,0.424945923,0.348754547,0.0761020279
600.0,4.31329107,3.57561946,0.737324585,0.550196777,0.456194183,0.0940242081
1800.0,6.05267048,5.06758404,0.986101624,0.772216431,0.646333557,0.125777084
7200.0,8.94821548,7.54999733,1.39994097,1.14170456,0.962911316,0.178582062
