parameter,value
surface_H,8.663111884250624
DL,1.0063490947828394e-10
