time,C_mol,CL_mol,CT_mol,C_wtppm,CL_wtppm,CT_wtppm
0.0,0.0,0.0,0.0,0.0,0.0,0.0
120.0,4.0236845,3.32775927,0.695889954,0.513379456,0.424534637,0.0887644958
600.0,6.26538134,5.24833679,1.01646173,0.799106812,0.6696297,0.129681885
1800.0,8.84075928,7.45534754,1.38462806,1.12782979,0.951230652,0.176621933
7200.0,10.2333174,8.64791393,1.58347178,1.30552769,1.10347569,0.201995148
