parameter,value
surface_H,8.61070572195533
DL,1.055641666068515e-10
