time,C_mol,CL_mol,CT_mol,C_wtppm,CL_wtppm,CT_wtppm
0.0,0.0,0.0,0.0,0.0,0.0,0.0
120.0,4.0328722,3.33575296,0.696995789,0.514504517,0.425615295,0.0889398346
600.0,6.32550526,5.29907942,1.02486932,0.806838745,0.676250793,0.130759933
1800.0,8.88425064,7.49286795,1.39065874,1.13331509,0.955846191,0.177417068
7200.0,10.1749144,8.6010294,1.5754118,1.29823291,1.09711242,0.200956833
