parameter,value
surface_H,8.842573031282276
DL,1.1789444459526373e-10
