time,C_mol,CL_mol,CT_mol,C_wtppm,CL_wtppm,CT_wtppm
0.0,0.0,0.0,0.0,0.0,0.0,0.0
120.0,4.22034264,3.49691296,0.723895813,0.538311401,0.445996674,0.0923530884
600.0,6.72746468,5.64442635,1.08236504,0.858257629,0.720153503,0.138091461
1800.0,9.33619118,7.88005018,1.45541966,1.19090354,1.00543869,0.185636032
7200.0,10.4512129,8.8381443,1.61471796,1.33340991,1.12735701,0.206008926
