parameter,value
surface_H,8.61018786218973
DL,1.0613702213326492e-10
