time,C_mol,CL_mol,CT_mol,C_wtppm,CL_wtppm,CT_wtppm
0.0,0.0,0.0,0.0,0.0,0.0,0.0
120.0,4.03654814,3.33913589,0.697642883,0.514963623,0.426051605,0.0889897079
600.0,6.33652449,5.30855656,1.02644849,0.808211731,0.677293518,0.130957123
1800.0,8.8938694,7.50146294,1.39223635,1.13470948,0.956960266,0.177611816
7200.0,10.1748219,8.60099792,1.57543135,1.29818964,1.0971024,0.200955124
