parameter,value
surface_H,9.668207210592318
DL,3.950768094822896e-11
