time,C_mol,CL_mol,CT_mol,C_wtppm,CL_wtppm,CT_wtppm
0.0,0.0,0.0,0.0,0.0,0.0,0.0
120.0,3.97468591,3.28596616,0.688660767,0.506977386,0.419048828,0.0878287048
600.0,5.26341677,4.39029646,0.873175293,0.671442139,0.560017029,0.111347542
1800.0,7.46876812,6.2814374,1.18868327,0.95291748,0.80126178,0.151602417
7200.0,10.805644,9.14161205,1.66562629,1.37866747,1.1663034,0.212458786
