parameter,value
surface_H,8.637861552034547
DL,1.0549053122931929e-10
