time,C_mol,CL_mol,CT_mol,C_wtppm,CL_wtppm,CT_wtppm
0.0,0.0,0.0,0.0,0.0,0.0,0.0
120.0,4.04445601,3.34590006,0.698726318,0.516094543,0.42678952,0.0891470337
600.0,6.34369469,5.31627798,1.02759075,0.809350952,0.677971252,0.131082138
1800.0,8.91039753,7.51667738,1.39454257,1.1368134,0.958795288,0.177872971
7200.0,10.2062674,8.6286087,1.57985532,1.30240178,1.10044682,0.201507187
