parameter,value
surface_H,7.797300093310256
DL,6.880395311654429e-10
