time,C_mol,CL_mol,CT_mol,C_wtppm,CL_wtppm,CT_wtppm
0.0,0.0,0.0,0.0,0.0,0.0,0.0
120.0,5.75160503,4.80829096,0.942921936,0.73375415,0.613486755,0.12029071
600.0,8.86168003,7.47439528,1.38762629,1.1304431,0.953430359,0.177031372
1800.0,9.23712254,7.79653406,1.44135678,1.17842877,0.994431946,0.183842804
7200.0,9.23950863,7.7972002,1.44140661,1.17849481,0.99457666,0.183932892
