parameter,value
surface_H,8.637115528836404
DL,1.0567340610494639e-10
