time,C_mol,CL_mol,CT_mol,C_wtppm,CL_wtppm,CT_wtppm
0.0,0.0,0.0,0.0,0.0,0.0,0.0
120.0,4.04541588,3.3475647,0.698852356,0.516142944,0.427002289,0.0891558609
600.0,6.34697247,5.31820393,1.02814388,0.809484802,0.678501587,0.131130081
1800.0,8.91355515,7.51900482,1.3948735,1.13694012,0.95906842,0.177926651
7200.0,10.206049,8.62752819,1.57981598,1.30214751,1.10040259,0.201499374
