parameter,value
surface_H,8.584195508995276
DL,1.0787506630173203e-10
