time,C_mol,CL_mol,CT_mol,C_wtppm,CL_wtppm,CT_wtppm
0.0,0.0,0.0,0.0,0.0,0.0,0.0
120.0,4.03650188,3.33875537,0.697665222,0.514942688,0.425858093,0.0889913254
600.0,6.35129452,5.32190895,1.02862382,0.810123779,0.678938782,0.131233536
1800.0,8.89892101,7.50571442,1.39308834,1.13519406,0.957672913,0.177733124
7200.0,10.1447468,8.57439041,1.57133114,1.29439795,1.09407508,0.200433533
