parameter,value
surface_H,8.605983918587471
DL,1.0701246209389772e-10
