time,C_mol,CL_mol,CT_mol,C_wtppm,CL_wtppm,CT_wtppm
0.0,0.0,0.0,0.0,0.0,0.0,0.0
120.0,4.0400815,3.34236526,0.698187805,0.515385254,0.426420166,0.0890933685
600.0,6.34985685,5.32146883,1.02848887,0.809939148,0.678913452,0.131218979
1800.0,8.90654087,7.51288033,1.39411914,1.13617504,0.958332397,0.177846405
7200.0,10.1712265,8.59786892,1.57486832,1.29779661,1.0965544,0.200896652
