parameter,value
surface_H,7.846619187539455
DL,2.3578757719651357e-10
