time,C_mol,CL_mol,CT_mol,C_wtppm,CL_wtppm,CT_wtppm
0.0,0.0,0.0,0.0,0.0,0.0,0.0
120.0,4.36534882,3.61990237,0.744580017,0.556779114,0.461829987,0.0950183411
600.0,7.36842155,6.19336271,1.17417359,0.940068787,0.790332458,0.149814362
1800.0,9.08696747,7.66795015,1.4198482,1.15930581,0.978476135,0.181160583
7200.0,9.29405308,7.84452248,1.44929552,1.18602026,1.0013988,0.185019196
