parameter,value
surface_H,8.864434971948938
DL,1.1837129250958267e-10
