time,C_mol,CL_mol,CT_mol,C_wtppm,CL_wtppm,CT_wtppm
0.0,0.0,0.0,0.0,0.0,0.0,0.0
120.0,4.23376179,3.50822544,0.725883972,0.540262085,0.447471191,0.0925770035
600.0,6.75217676,5.66698742,1.08612359,0.861530762,0.722771606,0.138554443
1800.0,9.36553669,7.90537453,1.45963407,1.1946702,1.00857735,0.186183609
7200.0,10.4758501,8.85868835,1.61843359,1.33659315,1.13021863,0.206480713
