parameter,value
surface_H,7.68033453912147
DL,3.001101407644607e-11
