time,C_mol,CL_mol,CT_mol,C_wtppm,CL_wtppm,CT_wtppm
0.0,0.0,0.0,0.0,0.0,0.0,0.0
120.0,3.11761475,2.55074644,0.566214539,0.397600494,0.325421143,0.0722259369
600.0,3.93452978,3.25121164,0.683042786,0.501964203,0.414725922,0.0871661606
1800.0,5.44131708,4.54241323,0.898658508,0.694328003,0.579451904,0.114635788
7200.0,8.23191643,6.93462563,1.29767942,1.05026031,0.884707581,0.165539337
