parameter,value
surface_H,8.834297905130834
DL,1.1369934981479866e-10
