time,C_mol,CL_mol,CT_mol,C_wtppm,CL_wtppm,CT_wtppm
0.0,0.0,0.0,0.0,0.0,0.0,0.0
120.0,4.18848801,3.47006297,0.719356995,0.534327026,0.44252066,0.091771843
600.0,6.64399385,5.57261229,1.07018018,0.847334473,0.710894653,0.136582779
1800.0,9.25764179,7.81308746,1.44404793,1.18085086,0.996884766,0.184257782
7200.0,10.4409056,8.82696438,1.61302352,1.3319937,1.12621224,0.205807175
