parameter,value
surface_H,8.60331279271703
DL,1.0859579807761146e-10
