time,C_mol,CL_mol,CT_mol,C_wtppm,CL_wtppm,CT_wtppm
0.0,0.0,0.0,0.0,0.0,0.0,0.0
120.0,4.04926777,3.34972239,0.699528137,0.516657104,0.42734906,0.0892373886
600.0,6.37624645,5.34521675,1.03260648,0.813718445,0.681964233,0.131716736
1800.0,8.93093395,7.53486252,1.39741981,1.13961959,0.961209961,0.178294647
7200.0,10.1683664,8.59591198,1.57426178,1.29738414,1.09637046,0.200856201
