parameter,value
surface_H,6.86932692740613
DL,4.807546307097339e-10
