time,C_mol,CL_mol,CT_mol,C_wtppm,CL_wtppm,CT_wtppm
0.0,0.0,0.0,0.0,0.0,0.0,0.0
120.0,4.61964512,3.83852148,0.781183594,0.58937323,0.489603729,0.0996525497
600.0,7.5023737,6.30986214,1.1932143,0.957159973,0.804920166,0.152216919
1800.0,8.14507961,6.8599782,1.28513908,1.03904986,0.87526593,0.163912933
7200.0,8.15624619,6.87147236,1.28652084,1.04051864,0.876545593,0.164104141
