parameter,value
surface_H,7.268208795832314
DL,7.676542804857439e-10
