time,C_mol,CL_mol,CT_mol,C_wtppm,CL_wtppm,CT_wtppm
0.0,0.0,0.0,0.0,0.0,0.0,0.0
120.0,5.52719498,4.61497498,0.910828979,0.704870789,0.588818848,0.116188759
600.0,8.34567928,7.03050613,1.31343293,1.06458962,0.897048035,0.167607346
1800.0,8.62315178,7.2661581,1.35284352,1.0998317,0.927347778,0.172659821
7200.0,8.62414551,7.26644611,1.35287535,1.09994578,0.927356873,0.172690598
