parameter,value
surface_H,8.614727613914665
DL,1.0537540317185674e-10
