time,C_mol,CL_mol,CT_mol,C_wtppm,CL_wtppm,CT_wtppm
0.0,0.0,0.0,0.0,0.0,0.0,0.0
120.0,4.0335536,3.33689022,0.697259521,0.514507263,0.425662781,0.0889534683
600.0,6.32521915,5.29879427,1.0249387,0.806865723,0.676179688,0.130732941
1800.0,8.88384914,7.49331093,1.39088941,1.13351762,0.956094849,0.177411636
7200.0,10.1780548,8.60426331,1.57605278,1.29876947,1.09770846,0.201016174
