parameter,value
surface_H,8.594015773765499
DL,1.0931466510483387e-10
