time,C_mol,CL_mol,CT_mol,C_wtppm,CL_wtppm,CT_wtppm
0.0,0.0,0.0,0.0,0.0,0.0,0.0
120.0,4.0508337,3.35081649,0.699702271,0.516654907,0.427496735,0.0892546844
600.0,6.38518906,5.35092592,1.03349984,0.814529663,0.682585144,0.131852066
1800.0,8.93528271,7.53739357,1.39801323,1.13976467,0.961509583,0.178342575
7200.0,10.1595516,8.58555508,1.57272577,1.29572749,1.09521878,0.20065834
