parameter,value
surface_H,8.62509703153194
DL,2.68933913308664e-10
