time,C_mol,CL_mol,CT_mol,C_wtppm,CL_wtppm,CT_wtppm
0.0,0.0,0.0,0.0,0.0,0.0,0.0
120.0,4.94251442,4.11523533,0.827225403,0.630684509,0.525053833,0.105537506
600.0,8.36355686,7.04740572,1.31648433,1.06702948,0.898964661,0.16794516
1800.0,10.053401,8.49555016,1.55775273,1.28261757,1.08370328,0.198752594
7200.0,10.2071953,8.62500095,1.57906687,1.30185997,1.10026371,0.201543106
