parameter,value
surface_H,8.871147244499529
DL,1.1552207648525879e-10
