time,C_mol,CL_mol,CT_mol,C_wtppm,CL_wtppm,CT_wtppm
0.0,0.0,0.0,0.0,0.0,0.0,0.0
120.0,4.21793222,3.49534178,0.72373053,0.538112671,0.445831787,0.0923019791
600.0,6.70376015,5.62573051,1.07941937,0.855291382,0.717670044,0.137674866
1800.0,9.32636929,7.87239885,1.4541744,1.18989742,1.00421333,0.185469757
7200.0,10.4833431,8.86543369,1.61936438,1.33750045,1.13079715,0.206583679
