parameter,value
surface_H,8.935275782032921
DL,1.172828745593123e-10
