time,C_mol,CL_mol,CT_mol,C_wtppm,CL_wtppm,CT_wtppm
0.0,0.0,0.0,0.0,0.0,0.0,0.0
120.0,4.25840998,3.52999878,0.729529541,0.543322144,0.45021405,0.0930432816
600.0,6.78420544,5.69415092,1.09081507,0.865498718,0.726485352,0.139130585
1800.0,9.42036819,7.95454597,1.46758986,1.20187664,1.01483166,0.187218842
7200.0,10.5610056,8.93037605,1.6301682,1.34731269,1.13911748,0.207970779
