parameter,value
surface_H,8.660035913051793
DL,1.000660566949299e-10
