time,C_mol,CL_mol,CT_mol,C_wtppm,CL_wtppm,CT_wtppm
0.0,0.0,0.0,0.0,0.0,0.0,0.0
120.0,4.01787567,3.32320142,0.695117737,0.512603088,0.424038666,0.0886604996
600.0,6.25214672,5.23613644,1.01459563,0.797395691,0.668117126,0.129404953
1800.0,8.82699108,7.44274187,1.38275135,1.12606907,0.94969281,0.176351105
7200.0,10.2292013,8.64517212,1.58309352,1.30511665,1.10313869,0.201924362
