parameter,value
surface_H,8.109674978881253
DL,1.649650640365613e-10
