time,C_mol,CL_mol,CT_mol,C_wtppm,CL_wtppm,CT_wtppm
0.0,0.0,0.0,0.0,0.0,0.0,0.0
120.0,4.1509757,3.43700457,0.714112732,0.529578064,0.438469574,0.0910814743
600.0,6.87083721,5.76715612,1.10281491,0.87648291,0.735811707,0.140681305
1800.0,9.0646286,7.64801168,1.41638517,1.15638292,0.975695801,0.180678131
7200.0,9.60320282,8.10911655,1.49317086,1.22521067,1.0348047,0.19046376
