parameter,value
surface_H,6.851463502644623
DL,4.45643159747315e-11
