time,C_mol,CL_mol,CT_mol,C_wtppm,CL_wtppm,CT_wtppm
0.0,0.0,0.0,0.0,0.0,0.0,0.0
120.0,2.88858199,2.35563588,0.533572876,0.368645874,0.300475311,0.0680782852
600.0,3.8934021,3.21624613,0.677173645,0.496741943,0.410273132,0.0864107285
1800.0,5.55055141,4.63491392,0.91421167,0.708075073,0.591383911,0.116654205
7200.0,7.81431341,6.5753231,1.23793209,0.996785278,0.839049011,0.157900131
