parameter,value
surface_H,8.00889302996661
DL,9.999999999999999e-10
