time,C_mol,CL_mol,CT_mol,C_wtppm,CL_wtppm,CT_wtppm
0.0,0.0,0.0,0.0,0.0,0.0,0.0
120.0,6.49086857,5.44355631,1.04875684,0.828254517,0.694256226,0.133811539
600.0,9.32377625,7.87092495,1.45337248,1.18950582,1.00391984,0.185470322
1800.0,9.48754692,8.01129627,1.47657061,1.21056998,1.02165747,0.18844342
7200.0,9.48756123,8.01135159,1.4765774,1.21057117,1.02169681,0.188445145
