parameter,value
surface_H,8.801670419440011
DL,1.166648567251253e-10
