time,C_mol,CL_mol,CT_mol,C_wtppm,CL_wtppm,CT_wtppm
0.0,0.0,0.0,0.0,0.0,0.0,0.0
120.0,4.19426346,3.47413898,0.720199768,0.534947632,0.443153473,0.0918553848
600.0,6.67394781,5.5991621,1.07495379,0.851464783,0.714344055,0.13714241
1800.0,9.27219677,7.82601213,1.44633305,1.18288958,0.998499512,0.18449057
7200.0,10.4052448,8.7956152,1.60779166,1.32738018,1.12204492,0.205118317
