parameter,value
surface_H,8.622771450225278
DL,2.8044006374666674e-10
