time,C_mol,CL_mol,CT_mol,C_wtppm,CL_wtppm,CT_wtppm
0.0,0.0,0.0,0.0,0.0,0.0,0.0
120.0,4.99508476,4.1598897,0.834577087,0.637027893,0.530628845,0.106455421
600.0,8.44685173,7.11891031,1.32822478,1.07747304,0.908037292,0.169450806
1800.0,10.0683908,8.5099678,1.560009,1.28466856,1.08549941,0.199051193
7200.0,10.1990547,8.62434006,1.57841575,1.301072,1.09997046,0.201517532
