parameter,value
surface_H,8.061976132184862
DL,8.600701851088476e-11
