time,C_mol,CL_mol,CT_mol,C_wtppm,CL_wtppm,CT_wtppm
0.0,0.0,0.0,0.0,0.0,0.0,0.0
120.0,3.66048193,3.0174346,0.643964722,0.466956207,0.384807709,0.0821516418
600.0,5.55301094,4.63922453,0.914648682,0.708452576,0.591732483,0.116661957
1800.0,7.92611742,6.67309237,1.25372636,1.01132023,0.851318848,0.159927048
7200.0,9.515131,8.03342819,1.48060894,1.21393967,1.0249213,0.188903702
