parameter,value
surface_H,8.413008056713595
DL,1.5443115968576923e-10
