time,C_mol,CL_mol,CT_mol,C_wtppm,CL_wtppm,CT_wtppm
0.0,0.0,0.0,0.0,0.0,0.0,0.0
120.0,4.2413435,3.51426601,0.726894409,0.541125793,0.448286987,0.0927651749
600.0,6.97852612,5.85975218,1.11860466,0.890381042,0.747806641,0.142701416
1800.0,9.31279755,7.85964727,1.45193267,1.18792343,1.0028801,0.185238876
7200.0,9.95792675,8.40944672,1.54358363,1.26982939,1.07323551,0.196910278
