parameter,value
surface_H,9.016024915857702
DL,3.398681378794531e-10
