time,C_mol,CL_mol,CT_mol,C_wtppm,CL_wtppm,CT_wtppm
0.0,0.0,0.0,0.0,0.0,0.0,0.0
120.0,5.48380995,4.57807493,0.904469971,0.699424561,0.584166687,0.115392456
600.0,9.21439362,7.77721977,1.43807828,1.17554748,0.992230042,0.183468506
1800.0,10.5910597,8.95721245,1.6349721,1.35108352,1.14264977,0.208550262
7200.0,10.6583605,9.01801777,1.64453113,1.35964859,1.15003872,0.209849762
