parameter,value
surface_H,7.256650073086719
DL,9.999999999999999e-10
