time,C_mol,CL_mol,CT_mol,C_wtppm,CL_wtppm,CT_wtppm
0.0,0.0,0.0,0.0,0.0,0.0,0.0
120.0,5.89507294,4.93109369,0.96355542,0.752088623,0.629242371,0.122913673
600.0,8.46145153,7.12973785,1.33030832,1.07933009,0.909734558,0.169698792
1800.0,8.60742664,7.25391197,1.35149753,1.09788907,0.925780579,0.172365906
7200.0,8.60744286,7.25391626,1.35149765,1.0979749,0.925780823,0.172365906
