parameter,value
surface_H,7.378287671901738
DL,7.486692566266872e-10
