time,C_mol,CL_mol,CT_mol,C_wtppm,CL_wtppm,CT_wtppm
0.0,0.0,0.0,0.0,0.0,0.0,0.0
120.0,5.57131338,4.65394926,0.917227356,0.710914185,0.593737122,0.117026306
600.0,8.45277882,7.12288284,1.32903564,1.07845438,0.908748047,0.169539703
1800.0,8.74986649,7.37571812,1.37121761,1.11619997,0.941348267,0.174936386
7200.0,8.74999714,7.37596083,1.37134874,1.1167711,0.941382996,0.174939529
