parameter,value
surface_H,8.328482460602851
DL,2.8364097870893044e-10
