time,C_mol,CL_mol,CT_mol,C_wtppm,CL_wtppm,CT_wtppm
0.0,0.0,0.0,0.0,0.0,0.0,0.0
120.0,4.84277725,4.02932549,0.812818787,0.617846985,0.514075134,0.103695595
600.0,8.18605328,6.89525509,1.29105151,1.04430926,0.879593811,0.164694199
1800.0,9.73655319,8.22372341,1.51258802,1.24206889,1.04910851,0.192962555
7200.0,9.85581303,8.3294239,1.53027415,1.2577951,1.06250012,0.195200287
