parameter,value
surface_H,9.32354229642181
DL,2.733613325934372e-10
