time,C_mol,CL_mol,CT_mol,C_wtppm,CL_wtppm,CT_wtppm
0.0,0.0,0.0,0.0,0.0,0.0,0.0
120.0,5.35360479,4.46689653,0.885915588,0.683139587,0.569875061,0.113005913
600.0,9.06516647,7.6492033,1.41637182,1.15655267,0.975844055,0.180722214
1800.0,10.8636837,9.19091511,1.67334235,1.38599408,1.17242706,0.213502228
7200.0,11.0210857,9.32286167,1.69538021,1.40616727,1.18906844,0.216310654
