parameter,value
surface_H,6.4578447559844365
DL,2.905790778528944e-10
