time,C_mol,CL_mol,CT_mol,C_wtppm,CL_wtppm,CT_wtppm
0.0,0.0,0.0,0.0,0.0,0.0,0.0
120.0,3.81056309,3.14428973,0.665322571,0.486136475,0.401172852,0.0848947372
600.0,6.41471624,5.37700462,1.03805315,0.818426147,0.686137451,0.132421738
1800.0,7.58775473,6.38239479,1.20563865,0.967982971,0.81434491,0.153819778
7200.0,7.67486095,6.45665932,1.21844482,0.979009583,0.824103699,0.155414612
