parameter,value
surface_H,6.732086195285591
DL,8.963510291555301e-10
