time,C_mol,CL_mol,CT_mol,C_wtppm,CL_wtppm,CT_wtppm
0.0,0.0,0.0,0.0,0.0,0.0,0.0
120.0,5.33428955,4.45106697,0.883330566,0.680536133,0.567786438,0.112695549
600.0,7.81740618,6.57906961,1.23842645,0.997197571,0.839225708,0.157947876
1800.0,7.99718332,6.73350763,1.26416671,1.0198586,0.858963196,0.161175644
7200.0,7.99719572,6.73352957,1.26417029,1.01987588,0.858965759,0.161175842
