parameter,value
surface_H,8.606391976400579
DL,1.0975457480596813e-10
