time,C_mol,CL_mol,CT_mol,C_wtppm,CL_wtppm,CT_wtppm
0.0,0.0,0.0,0.0,0.0,0.0,0.0
120.0,4.05855846,3.35747123,0.700779358,0.517708618,0.428379242,0.089421051
600.0,6.4022584,5.36630774,1.03596795,0.81675238,0.684442261,0.132173691
1800.0,8.95532894,7.55527878,1.40110397,1.14258814,0.963705017,0.178729111
7200.0,10.1728544,8.59859848,1.57516921,1.29795194,1.09694457,0.200922043
