parameter,value
surface_H,8.921157565471022
DL,1.0539012276762026e-11
