time,C_mol,CL_mol,CT_mol,C_wtppm,CL_wtppm,CT_wtppm
0.0,0.0,0.0,0.0,0.0,0.0,0.0
120.0,3.42626119,2.81668544,0.6102005,0.437069763,0.359362701,0.0778117218
600.0,3.79945397,3.13646007,0.663807312,0.484655365,0.400056946,0.0846721497
1800.0,4.62042379,3.84068871,0.781296021,0.589441833,0.489903625,0.0996725845
7200.0,7.09649849,5.96278048,1.13542938,0.905438843,0.760638367,0.144843521
