parameter,value
surface_H,8.661538824063705
DL,9.989019524280317e-11
