time,C_mol,CL_mol,CT_mol,C_wtppm,CL_wtppm,CT_wtppm
0.0,0.0,0.0,0.0,0.0,0.0,0.0
120.0,4.01840973,3.32284021,0.694954529,0.512629578,0.423952179,0.0886552734
600.0,6.24948406,5.23528147,1.01428521,0.797202026,0.667954529,0.129365723
1800.0,8.82456398,7.44114113,1.38225901,1.12580943,0.949498962,0.176299118
7200.0,10.2311182,8.64682865,1.58326769,1.30526161,1.10329258,0.201941055
