parameter,value
surface_H,8.133246851811537
DL,7.652996421857281e-11
