time,C_mol,CL_mol,CT_mol,C_wtppm,CL_wtppm,CT_wtppm
0.0,0.0,0.0,0.0,0.0,0.0,0.0
120.0,3.6292882,2.98982835,0.639274292,0.46298056,0.381312317,0.0815489502
600.0,5.39646626,4.50496721,0.892174011,0.688380493,0.574595398,0.113812408
1800.0,7.74814796,6.52068853,1.22846162,0.988539368,0.831660583,0.156712814
7200.0,9.57179451,8.0842104,1.48895967,1.22125232,1.03110707,0.189936096
