parameter,value
surface_H,8.607839326944967
DL,1.0975906105542274e-10
