time,C_mol,CL_mol,CT_mol,C_wtppm,CL_wtppm,CT_wtppm
0.0,0.0,0.0,0.0,0.0,0.0,0.0
120.0,4.05976677,3.35912609,0.700827393,0.517769348,0.428419189,0.0894384842
600.0,6.40396404,5.36695242,1.03606617,0.816862305,0.684652039,0.132188873
1800.0,8.95788479,7.556499,1.40127301,1.14274228,0.963802795,0.178759583
7200.0,10.1746845,8.59975719,1.57531786,1.29807758,1.09701204,0.200946365
