parameter,value
surface_H,6.195437208423967
DL,4.0746239017677853e-10
