time,C_mol,CL_mol,CT_mol,C_wtppm,CL_wtppm,CT_wtppm
0.0,0.0,0.0,0.0,0.0,0.0,0.0
120.0,3.99905157,3.30700111,0.692368835,0.51025235,0.421797089,0.0883569565
600.0,6.60236025,5.5379014,1.06468356,0.842239258,0.706486023,0.135835022
1800.0,7.34795856,6.17650175,1.17124701,0.937376221,0.787909241,0.149426819
7200.0,7.37175941,6.19831038,1.17449486,0.939918457,0.790544678,0.149863419
