parameter,value
surface_H,9.437025848287838
DL,2.043258608529089e-10
