time,C_mol,CL_mol,CT_mol,C_wtppm,CL_wtppm,CT_wtppm
0.0,0.0,0.0,0.0,0.0,0.0,0.0
120.0,5.04433727,4.20262146,0.841760254,0.643460388,0.536184692,0.107402718
600.0,8.49191666,7.15668201,1.33481288,1.08313203,0.91295575,0.170266769
1800.0,10.7794294,9.11760712,1.66132653,1.37493098,1.16299343,0.211962936
7200.0,11.1542072,9.43747044,1.71482837,1.42218482,1.20349169,0.218749954
