parameter,value
surface_H,8.663647819980973
DL,1.0057654049861768e-10
