time,C_mol,CL_mol,CT_mol,C_wtppm,CL_wtppm,CT_wtppm
0.0,0.0,0.0,0.0,0.0,0.0,0.0
120.0,4.02364016,3.32747746,0.695860596,0.513319946,0.424529877,0.0887626495
600.0,6.26468706,5.24786901,1.01631236,0.799003113,0.669567444,0.129667923
1800.0,8.84020901,7.45480204,1.38442516,1.12768269,0.951196838,0.176609207
7200.0,10.2340212,8.64807701,1.58353996,1.30555272,1.10357583,0.20200029
