parameter,value
surface_H,8.609354486810556
DL,1.072257311592155e-10
