time,C_mol,CL_mol,CT_mol,C_wtppm,CL_wtppm,CT_wtppm
0.0,0.0,0.0,0.0,0.0,0.0,0.0
120.0,4.04411888,3.3452065,0.698563721,0.515942932,0.426781433,0.0891391907
600.0,6.35580397,5.32705832,1.02946472,0.810871887,0.679496826,0.131330826
1800.0,8.91357327,7.51887274,1.39493108,1.13713455,0.959096191,0.177972687
7200.0,10.1745625,8.5996418,1.57538104,1.2981379,1.09707963,0.200952454
