parameter,value
surface_H,8.60224485453002
DL,1.0893295403504939e-10
