time,C_mol,CL_mol,CT_mol,C_wtppm,CL_wtppm,CT_wtppm
0.0,0.0,0.0,0.0,0.0,0.0,0.0
120.0,4.05224895,3.35206676,0.69963739,0.516989929,0.42771347,0.0892712708
600.0,6.38311815,5.3511095,1.03328204,0.814398315,0.682573181,0.131817612
1800.0,8.93600559,7.53993225,1.39808369,1.14010859,0.961804504,0.178396454
7200.0,10.1675863,8.59489059,1.57410622,1.29728103,1.09630656,0.200836563
