parameter,value
surface_H,7.449633367863306
DL,8.292528847288298e-10
