time,C_mol,CL_mol,CT_mol,C_wtppm,CL_wtppm,CT_wtppm
0.0,0.0,0.0,0.0,0.0,0.0,0.0
120.0,5.77332973,4.82733345,0.946044434,0.736551575,0.615810974,0.120703323
600.0,8.59436512,7.24624443,1.34935904,1.09652865,0.924422729,0.17213887
1800.0,8.83276939,7.45133877,1.38307273,1.12664247,0.950700989,0.176431091
7200.0,8.83292294,7.45213795,1.38308251,1.12665057,0.950709839,0.176432724
