parameter,value
surface_H,8.068865656079042
DL,2.2277723142387097e-11
