time,C_mol,CL_mol,CT_mol,C_wtppm,CL_wtppm,CT_wtppm
0.0,0.0,0.0,0.0,0.0,0.0,0.0
120.0,3.2071116,2.62833071,0.578991943,0.409080505,0.335256531,0.0738840408
600.0,3.87203026,3.19833755,0.674078613,0.493990753,0.4079711,0.0860228882
1800.0,5.18270063,4.32010794,0.861366821,0.660913147,0.551161804,0.109903778
7200.0,8.07930088,6.80188084,1.27565527,1.03045774,0.867826904,0.162746552
