parameter,value
surface_H,6.213000667888257
DL,8.345865033939478e-10
