time,C_mol,CL_mol,CT_mol,C_wtppm,CL_wtppm,CT_wtppm
0.0,0.0,0.0,0.0,0.0,0.0,0.0
120.0,4.84737396,4.03296852,0.813659912,0.618310181,0.514515747,0.103785316
600.0,7.19484568,6.04561472,1.14938998,0.917910889,0.771303772,0.146643509
1800.0,7.39057159,6.21442556,1.17721486,0.942977661,0.792837463,0.150206909
7200.0,7.39061213,6.21484661,1.17727113,0.942986328,0.792849609,0.150207916
