parameter,value
surface_H,8.602136046861576
DL,1.0878193060124334e-10
