time,C_mol,CL_mol,CT_mol,C_wtppm,CL_wtppm,CT_wtppm
0.0,0.0,0.0,0.0,0.0,0.0,0.0
120.0,4.05003166,3.35043669,0.699521118,0.516801758,0.427445892,0.0892473068
600.0,6.38062096,5.34831667,1.03293037,0.814102844,0.682337708,0.131762909
1800.0,8.93372345,7.53695774,1.39768362,1.13988042,0.961501709,0.178339142
7200.0,10.1674213,8.59479713,1.57409394,1.2972554,1.09629858,0.2008349
