parameter,value
surface_H,9.52911713918674
DL,1.1588197080497146e-11
