time,C_mol,CL_mol,CT_mol,C_wtppm,CL_wtppm,CT_wtppm
0.0,0.0,0.0,0.0,0.0,0.0,0.0
120.0,3.66029716,3.01696348,0.643753967,0.467016876,0.384981598,0.0821105347
600.0,4.09579992,3.39043736,0.706192444,0.522544617,0.432519836,0.0900816574
1800.0,5.04512691,4.20307875,0.841997131,0.643479126,0.536174011,0.107396042
7200.0,7.81582117,6.57910633,1.23796403,0.997021423,0.839158936,0.157950409
