parameter,value
surface_H,9.446421339374776
DL,1.7103217149034431e-10
