time,C_mol,CL_mol,CT_mol,C_wtppm,CL_wtppm,CT_wtppm
0.0,0.0,0.0,0.0,0.0,0.0,0.0
120.0,4.85013723,4.03583193,0.813860718,0.618694214,0.514937073,0.103844307
600.0,8.06629562,6.79448557,1.27392995,1.02923322,0.866614197,0.162539963
1800.0,10.5825491,8.950634,1.63347554,1.35048699,1.14189339,0.208369537
7200.0,11.1586542,9.44705677,1.71571851,1.42449033,1.20491326,0.218873489
