parameter,value
surface_H,7.4739484092293385
DL,3.8242156613368345e-10
