time,C_mol,CL_mol,CT_mol,C_wtppm,CL_wtppm,CT_wtppm
0.0,0.0,0.0,0.0,0.0,0.0,0.0
120.0,4.71453524,3.92049742,0.794689087,0.601520935,0.500024078,0.101376411
600.0,7.84428549,6.60174704,1.24197555,1.00079763,0.842185181,0.15850528
1800.0,8.82701874,7.44333124,1.38238657,1.12595427,0.949633545,0.176385345
7200.0,8.86215782,7.47194433,1.38703799,1.1304723,0.953224304,0.177082001
