parameter,value
surface_H,9.0140625
DL,3.5031249999999997e-10
