time,C_mol,CL_mol,CT_mol,C_wtppm,CL_wtppm,CT_wtppm
0.0,0.0,0.0,0.0,0.0,0.0,0.0
120.0,3.86966896,3.19722724,0.673642334,0.493691437,0.407816559,0.0859182205
600.0,4.27390146,3.54188538,0.731500671,0.545172913,0.451862549,0.0933158112
1800.0,5.16838408,4.3090744,0.859439819,0.659405334,0.549659241,0.10962075
7200.0,7.9065876,6.65585995,1.25120246,1.00866592,0.849069946,0.159589813
