parameter,value
surface_H,8.64070325438637
DL,1.0546471299875073e-10
