time,C_mol,CL_mol,CT_mol,C_wtppm,CL_wtppm,CT_wtppm
0.0,0.0,0.0,0.0,0.0,0.0,0.0
120.0,4.04613876,3.34647274,0.698902344,0.516173523,0.426992371,0.0891776657
600.0,6.3451457,5.31695509,1.02774394,0.8094245,0.678210876,0.131130234
1800.0,8.91276073,7.51835251,1.39475572,1.13702202,0.959005798,0.177930664
7200.0,10.2089319,8.63123703,1.58021843,1.30266321,1.10098493,0.201572235
