parameter,value
surface_H,8.618409025834428
DL,1.0709862940558559e-10
