time,C_mol,CL_mol,CT_mol,C_wtppm,CL_wtppm,CT_wtppm
0.0,0.0,0.0,0.0,0.0,0.0,0.0
120.0,4.04684448,3.34777617,0.698998291,0.516320679,0.427149231,0.0891974716
600.0,6.36177588,5.33097172,1.03010976,0.811417969,0.680008606,0.131401169
1800.0,8.92051411,7.52496529,1.39578092,1.13794672,0.959942322,0.178071335
7200.0,10.1864004,8.60927582,1.57656991,1.29929769,1.09830964,0.201143753
