parameter,value
surface_H,8.604881550220336
DL,1.0979918482640617e-10
