time,C_mol,CL_mol,CT_mol,C_wtppm,CL_wtppm,CT_wtppm
0.0,0.0,0.0,0.0,0.0,0.0,0.0
120.0,4.05815554,3.35742712,0.700772339,0.517701355,0.428338348,0.0894185104
600.0,6.4021287,5.36551142,1.03592157,0.816786926,0.684561646,0.132173233
1800.0,8.95496845,7.55452013,1.40071535,1.14238691,0.96366333,0.178724747
7200.0,10.1717291,8.59709263,1.57460046,1.29755723,1.09678042,0.200898544
