parameter,value
surface_H,7.851217521999545
DL,5.322733533525857e-10
