time,C_mol,CL_mol,CT_mol,C_wtppm,CL_wtppm,CT_wtppm
0.0,0.0,0.0,0.0,0.0,0.0,0.0
120.0,5.40631104,4.51342297,0.893795715,0.689775085,0.575814575,0.114023323
600.0,8.67547226,7.31463814,1.36101353,1.10701513,0.933298828,0.173637054
1800.0,9.29325676,7.84384346,1.44944811,1.18570042,1.00080848,0.184883514
7200.0,9.30211449,7.84753942,1.45020294,1.18712533,1.00176811,0.18505658
