parameter,value
surface_H,8.259052165230964
DL,1.5949610857713952e-10
