time,C_mol,CL_mol,CT_mol,C_wtppm,CL_wtppm,CT_wtppm
0.0,0.0,0.0,0.0,0.0,0.0,0.0
120.0,4.19568253,3.47387385,0.720151611,0.535113464,0.443203674,0.0918771667
600.0,6.92362452,5.81283045,1.11028099,0.883176758,0.741394531,0.141634705
1800.0,9.18786144,7.75365019,1.43413591,1.17194259,0.988958801,0.182938293
7200.0,9.77945995,8.2601223,1.51856947,1.24725568,1.05334473,0.193730392
