parameter,value
surface_H,9.206527577619575
DL,5.81556442528961e-10
