time,C_mol,CL_mol,CT_mol,C_wtppm,CL_wtppm,CT_wtppm
0.0,0.0,0.0,0.0,0.0,0.0,0.0
120.0,6.46756697,5.42260265,1.04530346,0.825235596,0.691781738,0.133376938
600.0,10.2595978,8.67341518,1.58710837,1.30881071,1.1063869,0.202501022
1800.0,10.8760824,9.20110226,1.67566085,1.38746393,1.17377114,0.213779419
7200.0,10.8777428,9.20654869,1.67585075,1.38799798,1.1745137,0.213865555
