parameter,value
surface_H,8.701805089263726
DL,4.553025445190625e-10
