time,C_mol,CL_mol,CT_mol,C_wtppm,CL_wtppm,CT_wtppm
0.0,0.0,0.0,0.0,0.0,0.0,0.0
120.0,5.73095083,4.79015636,0.939672058,0.730943481,0.611085388,0.119890213
600.0,9.38858223,7.92587662,1.46281457,1.19759655,1.01099658,0.186634064
1800.0,10.2741756,8.68599987,1.58954775,1.31081951,1.10797596,0.202793671
7200.0,10.2922583,8.7010479,1.59263742,1.31283319,1.10976923,0.203124878
