parameter,value
surface_H,8.663621011456138
DL,1.0058483933559499e-10
