time,C_mol,CL_mol,CT_mol,C_wtppm,CL_wtppm,CT_wtppm
0.0,0.0,0.0,0.0,0.0,0.0,0.0
120.0,4.02366924,3.32748318,0.695862122,0.513337708,0.424531555,0.0887640915
600.0,6.26480389,5.24796629,1.01632428,0.799018616,0.669573792,0.129671188
1800.0,8.84039879,7.45489836,1.38451838,1.1277498,0.951205994,0.176613724
7200.0,10.2340107,8.64807415,1.58353984,1.30555248,1.10357475,0.202000244
