parameter,value
surface_H,8.652831270774207
DL,1.0065024050860179e-10
