time,C_mol,CL_mol,CT_mol,C_wtppm,CL_wtppm,CT_wtppm
0.0,0.0,0.0,0.0,0.0,0.0,0.0
120.0,4.01894569,3.32406211,0.695224243,0.51276886,0.423990967,0.0886831589
600.0,6.25772381,5.24398088,1.01554048,0.798408752,0.668842529,0.129546173
1800.0,8.83171177,7.44819307,1.3833636,1.12650275,0.950061646,0.176488144
7200.0,10.2223673,8.63955879,1.58184218,1.30375814,1.10216343,0.20180632
