parameter,value
surface_H,7.679542671050096
DL,5.106548118200238e-10
