time,C_mol,CL_mol,CT_mol,C_wtppm,CL_wtppm,CT_wtppm
0.0,0.0,0.0,0.0,0.0,0.0,0.0
120.0,5.23211432,4.36380291,0.86880426,0.66753479,0.556734314,0.110836456
600.0,8.44213963,7.11397934,1.32766318,1.07703221,0.907791382,0.169369461
1800.0,9.09073925,7.67125463,1.4203732,1.15976715,0.978827698,0.181215591
7200.0,9.09702682,7.6758275,1.42187083,1.16055667,0.980021912,0.181312531
