parameter,value
surface_H,7.8661066184564365
DL,1.833513531152332e-10
