time,C_mol,CL_mol,CT_mol,C_wtppm,CL_wtppm,CT_wtppm
0.0,0.0,0.0,0.0,0.0,0.0,0.0
120.0,4.12534952,3.41492057,0.710361877,0.526244385,0.435647278,0.0906063843
600.0,6.88266754,5.77729464,1.10483301,0.878083801,0.737123108,0.140945908
1800.0,8.91006947,7.51391506,1.39448011,1.1366154,0.958829163,0.177894562
7200.0,9.31553173,7.86342764,1.45308077,1.18876457,1.00379622,0.185398392
