parameter,value
surface_H,8.579138264498116
DL,1.1025006831319233e-10
