time,C_mol,CL_mol,CT_mol,C_wtppm,CL_wtppm,CT_wtppm
0.0,0.0,0.0,0.0,0.0,0.0,0.0
120.0,4.04936934,3.35009289,0.69947644,0.516539246,0.427419586,0.0892415009
600.0,6.39200354,5.35656214,1.03455865,0.815467041,0.683361572,0.131957382
1800.0,8.93769646,7.53785419,1.39814138,1.14011431,0.961573547,0.178403702
7200.0,10.1414604,8.57123947,1.57032585,1.29401433,1.0933913,0.200355209
