parameter,value
surface_H,8.838308390614399
DL,1.1727496967532756e-10
