time,C_mol,CL_mol,CT_mol,C_wtppm,CL_wtppm,CT_wtppm
0.0,0.0,0.0,0.0,0.0,0.0,0.0
120.0,4.21433401,3.49124241,0.722972778,0.537765625,0.445405731,0.0922491074
600.0,6.71392822,5.63189602,1.08047652,0.856371338,0.718488525,0.137832001
1800.0,9.32102585,7.8683486,1.45291853,1.18904924,1.0037086,0.185371414
7200.0,10.4474659,8.83247471,1.61382973,1.33268511,1.12678289,0.205898911
