parameter,value
surface_H,7.220475407854867
DL,7.584558625855728e-10
