time,C_mol,CL_mol,CT_mol,C_wtppm,CL_wtppm,CT_wtppm
0.0,0.0,0.0,0.0,0.0,0.0,0.0
120.0,5.47278738,4.56975079,0.90343335,0.698237366,0.583044434,0.115237465
600.0,8.28237438,6.97784615,1.30501723,1.05663931,0.890299438,0.166440643
1800.0,8.56311035,7.21890259,1.34494221,1.09245563,0.921347046,0.171553253
7200.0,8.56332779,7.21900463,1.34505391,1.09246874,0.921463562,0.171556396
