parameter,value
surface_H,10.147308584442388
DL,6.795966525562323e-10
