time,C_mol,CL_mol,CT_mol,C_wtppm,CL_wtppm,CT_wtppm
0.0,0.0,0.0,0.0,0.0,0.0,0.0
120.0,7.41854572,6.23658705,1.18100345,0.946422546,0.795764343,0.150717102
600.0,11.4769468,9.7166214,1.76100445,1.46416044,1.23955643,0.224692688
1800.0,11.9754229,10.1464567,1.83220327,1.52779973,1.29414093,0.23385878
7200.0,11.9768448,10.1472807,1.83228552,1.52826238,1.29432487,0.233880386
