parameter,value
surface_H,8.608677316846537
DL,1.0734390454485674e-10
