time,C_mol,CL_mol,CT_mol,C_wtppm,CL_wtppm,CT_wtppm
0.0,0.0,0.0,0.0,0.0,0.0,0.0
120.0,4.04436827,3.34564757,0.698542542,0.516009033,0.426822754,0.0891444092
600.0,6.35894775,5.32846546,1.02967227,0.811056885,0.679672119,0.131362381
1800.0,8.91540241,7.5201087,1.39518917,1.13736951,0.959277588,0.177992752
7200.0,10.1742096,8.59937,1.57530403,1.29809046,1.09705424,0.200944626
