parameter,value
surface_H,9.163396497163918
DL,2.4700998799876934e-10
