time,C_mol,CL_mol,CT_mol,C_wtppm,CL_wtppm,CT_wtppm
0.0,0.0,0.0,0.0,0.0,0.0,0.0
120.0,5.13181925,4.27714586,0.854355286,0.654651611,0.545690857,0.108984467
600.0,8.68773365,7.32367468,1.36250973,1.10846698,0.934534973,0.173820511
1800.0,10.6215811,8.98097515,1.6389029,1.3551743,1.14596474,0.209079926
7200.0,10.8348026,9.15946674,1.6688199,1.38248003,1.16916978,0.212897461
