parameter,value
surface_H,9.054897427137439
DL,2.184217069264786e-10
