parameter,value
surface_H,9.85279939387172
DL,1.3009748451288627e-10
