time,C_mol,CL_mol,CT_mol,C_wtppm,CL_wtppm,CT_wtppm
0.0,0.0,0.0,0.0,0.0,0.0,0.0
120.0,4.77471399,3.97121596,0.803019958,0.609075806,0.506653198,0.102438667
600.0,7.72142887,6.49677467,1.22431815,0.984844788,0.828776794,0.156180069
1800.0,10.5813332,8.94944954,1.63345277,1.35002196,1.14177203,0.208340408
7200.0,11.6311255,9.84836578,1.78331101,1.48427832,1.25687933,0.227533127
