parameter,value
surface_H,5.647250223346558
DL,1.8771730568257206e-10
