time,C_mol,CL_mol,CT_mol,C_wtppm,CL_wtppm,CT_wtppm
0.0,0.0,0.0,0.0,0.0,0.0,0.0
120.0,3.01672792,2.46536303,0.551904724,0.384870361,0.314455627,0.0704178085
600.0,5.01485062,4.17777205,0.837644165,0.639846313,0.532935364,0.106888206
1800.0,6.4527092,5.40932035,1.04312599,0.823317749,0.690097778,0.133106293
7200.0,6.73103666,5.64565134,1.08246052,0.858863647,0.720581299,0.138180496
