parameter,value
surface_H,6.979303433514337
DL,7.391270947899866e-10
