time,C_mol,CL_mol,CT_mol,C_wtppm,CL_wtppm,CT_wtppm
0.0,0.0,0.0,0.0,0.0,0.0,0.0
120.0,5.26055145,4.38739729,0.872645264,0.671091064,0.559829956,0.111368866
600.0,7.99405289,6.73157024,1.26359987,1.01991272,0.858855347,0.161227646
1800.0,8.28182697,6.98065329,1.30473816,1.05668163,0.890523865,0.166499344
7200.0,8.28209782,6.9809618,1.30477154,1.05685556,0.890592224,0.166503372
