parameter,value
surface_H,8.258475463364306
DL,4.0069838871274846e-11
