time,C_mol,CL_mol,CT_mol,C_wtppm,CL_wtppm,CT_wtppm
0.0,0.0,0.0,0.0,0.0,0.0,0.0
120.0,3.41831756,2.80960488,0.609251709,0.436122742,0.35843924,0.0777344208
600.0,4.53179407,3.76384711,0.768672913,0.578299805,0.480263214,0.0980542145
1800.0,6.42996264,5.38981581,1.04000497,0.820398682,0.687615723,0.132659561
7200.0,9.27015114,7.82350063,1.44576609,1.18255353,0.997957214,0.184431427
