parameter,value
surface_H,8.403955814883567
DL,2.9227040163938945e-10
