time,C_mol,CL_mol,CT_mol,C_wtppm,CL_wtppm,CT_wtppm
0.0,0.0,0.0,0.0,0.0,0.0,0.0
120.0,4.92351818,4.0987196,0.824503479,0.628137573,0.52286438,0.10518808
600.0,8.31801128,7.00856686,1.30976212,1.06123924,0.893913086,0.167083191
1800.0,9.83460522,8.30917263,1.52682352,1.25475097,1.05994892,0.194767395
7200.0,9.94664288,8.40557194,1.54289424,1.26923823,1.07203197,0.196777802
