parameter,value
surface_H,6.263432894966714
DL,9.999999999999999e-10
