time,C_mol,CL_mol,CT_mol,C_wtppm,CL_wtppm,CT_wtppm
0.0,0.0,0.0,0.0,0.0,0.0,0.0
120.0,5.10688877,4.25704718,0.850896362,0.651653137,0.542964233,0.108562958
600.0,7.32240105,6.15523434,1.16766953,0.934197327,0.785071594,0.148972839
1800.0,7.45011663,6.26471996,1.18594635,0.950694763,0.798863953,0.151321564
7200.0,7.45011711,6.26472616,1.18594635,0.950704102,0.798864136,0.151321808
