parameter,value
surface_H,9.109683479506284
DL,4.5577433882472505e-10
