time,C_mol,CL_mol,CT_mol,C_wtppm,CL_wtppm,CT_wtppm
0.0,0.0,0.0,0.0,0.0,0.0,0.0
120.0,5.99261093,5.014925,0.977471802,0.764447998,0.639925354,0.124682945
600.0,9.82469845,8.29858971,1.52482915,1.25312674,1.05869353,0.194540726
1800.0,10.7502356,9.09431076,1.6574862,1.37161696,1.16015768,0.211424469
7200.0,10.7722483,9.11190319,1.6601553,1.37397718,1.16245866,0.21181076
