parameter,value
surface_H,7.842915483588792
DL,1.0530821393933568e-10
