time,C_mol,CL_mol,CT_mol,C_wtppm,CL_wtppm,CT_wtppm
0.0,0.0,0.0,0.0,0.0,0.0,0.0
120.0,3.68413544,3.03756142,0.647306763,0.46997171,0.387454742,0.0825888138
600.0,5.76975965,4.82420063,0.945584167,0.736089355,0.615332153,0.120625519
1800.0,8.1003952,6.82177877,1.27873349,1.03338611,0.870233398,0.16313916
7200.0,9.28079605,7.83366537,1.44747794,1.18398821,0.999335999,0.184671402
