parameter,value
surface_H,7.524825318705471
DL,1.957253847165854e-10
