time,C_mol,CL_mol,CT_mol,C_wtppm,CL_wtppm,CT_wtppm
0.0,0.0,0.0,0.0,0.0,0.0,0.0
120.0,4.01066399,3.31621099,0.694010864,0.51171814,0.423221527,0.088541626
600.0,6.71718502,5.63647652,1.0811094,0.856898926,0.719036804,0.137912979
1800.0,8.58761978,7.24046659,1.34837556,1.0955162,0.923693481,0.17201532
7200.0,8.91947556,7.52748299,1.39570701,1.1380378,0.960072754,0.178099686
