parameter,value
surface_H,8.98813827917728
DL,4.2232179218224345e-10
