time,C_mol,CL_mol,CT_mol,C_wtppm,CL_wtppm,CT_wtppm
0.0,0.0,0.0,0.0,0.0,0.0,0.0
120.0,5.79364681,4.84376764,0.949082703,0.739089294,0.618006042,0.121077705
600.0,9.57212353,8.08365822,1.4894582,1.22121286,1.03132701,0.189971542
1800.0,10.5997515,8.9642334,1.63604128,1.35225105,1.14370906,0.20871257
7200.0,10.625658,8.98753929,1.64035809,1.35554969,1.14683092,0.209121933
