parameter,value
surface_H,9.353481265855565
DL,2.2668805001302886e-10
