time,C_mol,CL_mol,CT_mol,C_wtppm,CL_wtppm,CT_wtppm
0.0,0.0,0.0,0.0,0.0,0.0,0.0
120.0,5.1251092,4.27251863,0.853541138,0.654011902,0.545149231,0.108874176
600.0,8.66384888,7.30539799,1.35941696,1.1052959,0.931981995,0.173409622
1800.0,10.7768345,9.1148653,1.66079557,1.37490785,1.1627351,0.211894806
7200.0,11.0543795,9.35352039,1.700248,1.41016042,1.19296384,0.216905624
