parameter,value
surface_H,8.63708088996966
DL,1.0575950817289113e-10
