time,C_mol,CL_mol,CT_mol,C_wtppm,CL_wtppm,CT_wtppm
0.0,0.0,0.0,0.0,0.0,0.0,0.0
120.0,4.04579496,3.34797239,0.699096802,0.516188354,0.427055786,0.0891635818
600.0,6.34805059,5.32078743,1.02833486,0.809722656,0.678606934,0.131160095
1800.0,8.91457462,7.52048206,1.39529729,1.13720036,0.959213135,0.177957458
7200.0,10.2060499,8.62758446,1.57982087,1.30214822,1.10040319,0.201499557
