parameter,value
surface_H,7.11670917963677
DL,9.695846276354437e-10
