time,C_mol,CL_mol,CT_mol,C_wtppm,CL_wtppm,CT_wtppm
0.0,0.0,0.0,0.0,0.0,0.0,0.0
120.0,5.74005747,4.798594,0.941493713,0.732451782,0.612274963,0.120111
600.0,8.28826809,6.9823842,1.30595338,1.05757868,0.890861328,0.166567612
1800.0,8.44098186,7.11352968,1.32810771,1.07771385,0.908102844,0.169431519
7200.0,8.44099045,7.11355257,1.32810819,1.07771385,0.908104919,0.169431549
