parameter,value
surface_H,9.061624219547015
DL,5.70815064962021e-10
