time,C_mol,CL_mol,CT_mol,C_wtppm,CL_wtppm,CT_wtppm
0.0,0.0,0.0,0.0,0.0,0.0,0.0
120.0,6.33784008,5.31013346,1.02680624,0.808565979,0.677422241,0.130968567
600.0,10.0804138,8.51739311,1.56148946,1.28586555,1.08672702,0.199219162
1800.0,10.7069311,9.05790138,1.65156257,1.36626804,1.15547407,0.210652588
7200.0,10.716527,9.0624485,1.65232623,1.36710715,1.1562252,0.210825638
