parameter,value
surface_H,7.779932693853603
DL,6.95961018348171e-10
