time,C_mol,CL_mol,CT_mol,C_wtppm,CL_wtppm,CT_wtppm
0.0,0.0,0.0,0.0,0.0,0.0,0.0
120.0,5.75672007,4.8130784,0.943851868,0.734414368,0.613925659,0.120398994
600.0,8.85109806,7.46605968,1.38625181,1.12926292,0.952263123,0.17685495
1800.0,9.21833992,7.78050089,1.43801045,1.17580676,0.992233704,0.183541916
7200.0,9.21873951,7.78105783,1.43847346,1.17585588,0.992281555,0.18356337
