parameter,value
surface_H,7.194128753989931
DL,8.191586067061209e-10
