time,C_mol,CL_mol,CT_mol,C_wtppm,CL_wtppm,CT_wtppm
0.0,0.0,0.0,0.0,0.0,0.0,0.0
120.0,5.56256008,4.6471324,0.91628772,0.709671021,0.592961914,0.116870087
600.0,8.29813957,6.99044657,1.30699074,1.05851686,0.891903076,0.166747543
1800.0,8.53207111,7.19134665,1.34058809,1.0885514,0.917908691,0.171032669
7200.0,8.53212166,7.19145012,1.34089088,1.0885576,0.917942932,0.171034821
