parameter,value
surface_H,8.768611327017474
DL,3.6554678766227475e-10
