time,C_mol,CL_mol,CT_mol,C_wtppm,CL_wtppm,CT_wtppm
0.0,0.0,0.0,0.0,0.0,0.0,0.0
120.0,5.44131756,4.54141235,0.898441406,0.69407074,0.579547058,0.114641457
600.0,9.1003418,7.67732334,1.42149341,1.16095722,0.979634644,0.18137915
1800.0,10.3228693,8.72525787,1.59596717,1.3169657,1.1133014,0.203664459
7200.0,10.3743229,8.76842785,1.60270798,1.32315946,1.11875045,0.20458136
