parameter,value
surface_H,7.611020594279486
DL,6.257134792980908e-10
