time,C_mol,CL_mol,CT_mol,C_wtppm,CL_wtppm,CT_wtppm
0.0,0.0,0.0,0.0,0.0,0.0,0.0
120.0,5.47736645,4.57377577,0.903871765,0.698928711,0.583450012,0.115306091
600.0,8.57474422,7.22789812,1.34644341,1.09391201,0.922065063,0.171761902
1800.0,9.01800632,7.60907412,1.41008437,1.15037251,0.97070697,0.179828018
7200.0,9.02069759,7.60960817,1.41017663,1.15102673,0.970824951,0.179849457
