parameter,value
surface_H,8.169611047872587
DL,1.3520794882629573e-10
