time,C_mol,CL_mol,CT_mol,C_wtppm,CL_wtppm,CT_wtppm
0.0,0.0,0.0,0.0,0.0,0.0,0.0
120.0,4.01253176,3.31874704,0.694462219,0.512024841,0.423273102,0.0885932007
600.0,6.504776,5.45378876,1.05080533,0.82977948,0.695760315,0.134046158
1800.0,8.85823727,7.47235346,1.38732564,1.13026416,0.953144531,0.176994675
7200.0,9.67013168,8.16916275,1.50358367,1.23412323,1.04203928,0.191819611
