parameter,value
surface_H,6.9359375
DL,2.8843749999999997e-10
