parameter,value
surface_H,7.241271439588533
DL,9.999999999999999e-10
