time,C_mol,CL_mol,CT_mol,C_wtppm,CL_wtppm,CT_wtppm
0.0,0.0,0.0,0.0,0.0,0.0,0.0
120.0,5.88344097,4.92096472,0.9619021,0.750425171,0.627779602,0.122721199
600.0,8.44445705,7.1148448,1.32782793,1.07723355,0.9077901,0.169384781
1800.0,8.59245872,7.23835468,1.3486985,1.09597456,0.923826965,0.172033951
7200.0,8.59288311,7.23843241,1.34869862,1.0959748,0.923827576,0.172033951
