parameter,value
surface_H,6.223597316211455
DL,7.735158560519338e-10
