time,C_mol,CL_mol,CT_mol,C_wtppm,CL_wtppm,CT_wtppm
0.0,0.0,0.0,0.0,0.0,0.0,0.0
120.0,4.76239157,3.96012855,0.80152533,0.607532593,0.505164276,0.102241348
600.0,7.17051172,6.02353477,1.14574838,0.914794128,0.768533875,0.146153931
1800.0,7.4041152,6.22199821,1.17935598,0.944217041,0.793792358,0.150392792
7200.0,7.40525436,6.22242069,1.17938459,0.944820496,0.794334961,0.150393646
