parameter,value
surface_H,7.309211252722044
DL,7.645669242484513e-10
