time,C_mol,CL_mol,CT_mol,C_wtppm,CL_wtppm,CT_wtppm
0.0,0.0,0.0,0.0,0.0,0.0,0.0
120.0,5.55174398,4.63655663,0.914207642,0.708097107,0.591502197,0.116650742
600.0,8.38876152,7.06885242,1.31995034,1.06999624,0.901592041,0.168369614
1800.0,8.66892242,7.31063366,1.35961986,1.10564089,0.93208197,0.17347258
7200.0,8.66933155,7.31152964,1.35965264,1.10578537,0.932116821,0.173475677
