parameter,value
surface_H,8.117522596285946
DL,1.6414843721706346e-10
