time,C_mol,CL_mol,CT_mol,C_wtppm,CL_wtppm,CT_wtppm
0.0,0.0,0.0,0.0,0.0,0.0,0.0
120.0,4.1503849,3.43596888,0.713990417,0.529587036,0.438291962,0.0910886536
600.0,6.86637545,5.76475239,1.10242724,0.876003418,0.735203491,0.140657257
1800.0,9.06666851,7.65132713,1.41696751,1.15673602,0.975844238,0.18076741
7200.0,9.61318398,8.11711693,1.49507999,1.22648501,1.03525925,0.190751266
