parameter,value
surface_H,8.59076720531598
DL,1.0759184961142202e-10
