time,C_mol,CL_mol,CT_mol,C_wtppm,CL_wtppm,CT_wtppm
0.0,0.0,0.0,0.0,0.0,0.0,0.0
120.0,4.03773975,3.34015346,0.697703186,0.515184875,0.426065247,0.0890193863
600.0,6.34998369,5.32199097,1.02853382,0.810133606,0.678852539,0.131205338
1800.0,8.90158558,7.50869751,1.39331472,1.13548779,0.957741211,0.177733322
7200.0,10.154789,8.58194256,1.57219982,1.29527283,1.09482193,0.200532944
