parameter,value
surface_H,5.985549422819008
DL,1.1146048945374176e-10
