time,C_mol,CL_mol,CT_mol,C_wtppm,CL_wtppm,CT_wtppm
0.0,0.0,0.0,0.0,0.0,0.0,0.0
120.0,2.87291479,2.34209418,0.531321289,0.366539642,0.298792908,0.0677878952
600.0,4.51715708,3.75114584,0.766590698,0.576385864,0.478554779,0.097792038
1800.0,6.29223776,5.27078056,1.02022254,0.802635864,0.672543457,0.13016362
7200.0,7.11869526,5.97960854,1.13845193,0.908161316,0.762918396,0.145237167
