parameter,value
surface_H,8.866587641133401
DL,1.0748682429564527e-10
