time,C_mol,CL_mol,CT_mol,C_wtppm,CL_wtppm,CT_wtppm
0.0,0.0,0.0,0.0,0.0,0.0,0.0
120.0,4.16125965,3.44676304,0.715367065,0.530959961,0.439681488,0.0912795181
600.0,6.54688406,5.49004221,1.05657482,0.835233887,0.700295044,0.134787857
1800.0,9.17976856,7.74654627,1.43306959,1.17121661,0.988369324,0.182805923
7200.0,10.4768238,8.8560009,1.61825871,1.33627892,1.12997162,0.206389893
