parameter,value
surface_H,8.847449913435758
DL,1.1721816115765817e-10
