time,C_mol,CL_mol,CT_mol,C_wtppm,CL_wtppm,CT_wtppm
0.0,0.0,0.0,0.0,0.0,0.0,0.0
120.0,4.21782684,3.49420571,0.723500549,0.538137024,0.445818817,0.0923171539
600.0,6.71938515,5.63674164,1.08129299,0.857031616,0.719160339,0.137920471
1800.0,9.32956028,7.87334824,1.45454359,1.190099,1.00474787,0.185521622
7200.0,10.4566021,8.84233189,1.61547995,1.3339113,1.12807,0.206095001
