parameter,value
surface_H,6.583226033859396
DL,1.1328708594664752e-11
