time,C_mol,CL_mol,CT_mol,C_wtppm,CL_wtppm,CT_wtppm
0.0,0.0,0.0,0.0,0.0,0.0,0.0
120.0,2.57091308,2.08271456,0.487783356,0.327958679,0.265714691,0.0622230835
600.0,2.86592007,2.3352387,0.530178345,0.365575592,0.297872467,0.0676348495
1800.0,3.50826573,2.88711953,0.622336365,0.447679535,0.368210358,0.0793846207
7200.0,5.40229607,4.50892925,0.893028259,0.689232727,0.575237732,0.113915276
