parameter,value
surface_H,7.533055940317048
DL,9.135338425636421e-11
