time,C_mol,CL_mol,CT_mol,C_wtppm,CL_wtppm,CT_wtppm
0.0,0.0,0.0,0.0,0.0,0.0,0.0
120.0,3.46252656,2.84572649,0.615474854,0.441788452,0.363161072,0.0785046692
600.0,5.29893541,4.41991711,0.878303711,0.675962708,0.56400531,0.112061089
1800.0,7.53029299,6.33154249,1.19710684,0.960474731,0.807904358,0.152725479
7200.0,8.90805149,7.51329756,1.39394462,1.13628495,0.958537659,0.177830902
