parameter,value
surface_H,7.219501711074844
DL,7.568795586696939e-10
