time,C_mol,CL_mol,CT_mol,C_wtppm,CL_wtppm,CT_wtppm
0.0,0.0,0.0,0.0,0.0,0.0,0.0
120.0,5.46938753,4.56704092,0.902792969,0.697818542,0.582731995,0.115181641
600.0,8.28029919,6.97586823,1.304649,1.05631328,0.890114685,0.16639946
1800.0,8.56279278,7.21876144,1.34484005,1.09241724,0.920911804,0.171547424
7200.0,8.56315708,7.21881104,1.34487152,1.09244835,0.921392273,0.17155394
