parameter,value
surface_H,7.32057353565277
DL,1.7196565278819246e-10
