time,C_mol,CL_mol,CT_mol,C_wtppm,CL_wtppm,CT_wtppm
0.0,0.0,0.0,0.0,0.0,0.0,0.0
120.0,3.79375768,3.13104534,0.663162903,0.484058533,0.399504364,0.0846044846
600.0,6.29380846,5.27345848,1.0205071,0.802839905,0.67262207,0.130226257
1800.0,8.24044228,6.94193029,1.29859996,1.05118275,0.885429138,0.165704117
7200.0,8.6847496,7.31990623,1.36217809,1.10773277,0.933690063,0.173795059
