parameter,value
surface_H,8.57931707758529
DL,1.1027523918409574e-10
