time,C_mol,CL_mol,CT_mol,C_wtppm,CL_wtppm,CT_wtppm
0.0,0.0,0.0,0.0,0.0,0.0,0.0
120.0,4.0494895,3.35021734,0.699513794,0.516580261,0.427471558,0.0892473984
600.0,6.39236689,5.35701752,1.03459918,0.815534912,0.683425598,0.131970291
1800.0,8.93852139,7.53818798,1.39822209,1.14015377,0.961635071,0.178411804
7200.0,10.1415663,8.57130814,1.57033777,1.2940197,1.09344709,0.200360229
