parameter,value
surface_H,6.098537543536035
DL,4.479507321747198e-11
