time,C_mol,CL_mol,CT_mol,C_wtppm,CL_wtppm,CT_wtppm
0.0,0.0,0.0,0.0,0.0,0.0,0.0
120.0,2.5886035,2.0974772,0.490491364,0.330220062,0.267607391,0.0625856209
600.0,3.48594737,2.86689401,0.619005127,0.444683319,0.365758118,0.0789718781
1800.0,4.96310663,4.13330173,0.830466003,0.633245483,0.52730957,0.105930595
7200.0,6.9733882,5.85624599,1.11791551,0.889757874,0.747159851,0.142615479
