parameter,value
surface_H,8.700232389913975
DL,3.740855445435739e-10
