time,C_mol,CL_mol,CT_mol,C_wtppm,CL_wtppm,CT_wtppm
0.0,0.0,0.0,0.0,0.0,0.0,0.0
120.0,5.43255711,4.53553963,0.897401184,0.693051453,0.578638611,0.114487869
600.0,9.07106018,7.65348434,1.41753924,1.15701759,0.976277588,0.180832794
1800.0,10.2478971,8.6616745,1.58580267,1.30710649,1.1049912,0.202286438
7200.0,10.2906303,8.70052433,1.59258235,1.31276667,1.10969508,0.203117828
