parameter,value
surface_H,8.603300969948823
DL,1.0865131590704191e-10
