time,C_mol,CL_mol,CT_mol,C_wtppm,CL_wtppm,CT_wtppm
0.0,0.0,0.0,0.0,0.0,0.0,0.0
120.0,4.04954052,3.35005617,0.699560608,0.516688599,0.427396484,0.0892423935
600.0,6.37898922,5.34748554,1.03278935,0.813840271,0.682075134,0.131725784
1800.0,8.93187714,7.53568506,1.39760911,1.1396929,0.961286621,0.178312195
7200.0,10.1683664,8.59591389,1.57426369,1.29738569,1.09637022,0.200856308
