parameter,value
surface_H,8.596534379052002
DL,1.091476035425583e-10
