time,C_mol,CL_mol,CT_mol,C_wtppm,CL_wtppm,CT_wtppm
0.0,0.0,0.0,0.0,0.0,0.0,0.0
120.0,4.05056047,3.35067081,0.699664001,0.516756348,0.427505035,0.0892611542
600.0,6.38342857,5.3500104,1.03323042,0.814241577,0.682553894,0.131838455
1800.0,8.93329906,7.53595114,1.39788246,1.13973796,0.961678345,0.178338303
7200.0,10.1614294,8.58808994,1.5729779,1.29632902,1.09569335,0.200691849
