parameter,value
surface_H,5.691228829700027
DL,8.356431694413748e-10
