time,C_mol,CL_mol,CT_mol,C_wtppm,CL_wtppm,CT_wtppm
0.0,0.0,0.0,0.0,0.0,0.0,0.0
120.0,4.45223999,3.69458652,0.757239014,0.568141846,0.471381927,0.0966152115
600.0,6.60263443,5.53721619,1.06459546,0.84235907,0.706479675,0.135834854
1800.0,6.78125334,5.68877935,1.08994651,0.865218262,0.726076843,0.139120316
7200.0,6.78126287,5.68880701,1.08995044,0.8652276,0.726080017,0.139120804
