parameter,value
surface_H,8.86276035332314
DL,2.082208963973987e-10
