time,C_mol,CL_mol,CT_mol,C_wtppm,CL_wtppm,CT_wtppm
0.0,0.0,0.0,0.0,0.0,0.0,0.0
120.0,4.76816607,3.96417451,0.802204529,0.608220093,0.50588446,0.102335487
600.0,8.02737808,6.75802565,1.26802444,1.0241605,0.862163574,0.161792923
1800.0,10.1472731,8.576334,1.57113421,1.29456306,1.09419477,0.200451614
7200.0,10.4795685,8.86232662,1.61832535,1.33705008,1.13053179,0.206542938
