parameter,value
surface_H,8.605774978005531
DL,1.0932258744585138e-10
