time,C_mol,CL_mol,CT_mol,C_wtppm,CL_wtppm,CT_wtppm
0.0,0.0,0.0,0.0,0.0,0.0,0.0
120.0,4.05506563,3.3555398,0.70045343,0.517315125,0.42797467,0.0893478546
600.0,6.39476204,5.36015034,1.03473449,0.815622192,0.683663269,0.132033279
1800.0,8.94829369,7.54818296,1.39957368,1.14153147,0.962763733,0.17860144
7200.0,10.1722336,8.59819794,1.57470846,1.29791749,1.09682226,0.200914413
