parameter,value
surface_H,7.373845111892177
DL,7.428175119364052e-10
