time,C_mol,CL_mol,CT_mol,C_wtppm,CL_wtppm,CT_wtppm
0.0,0.0,0.0,0.0,0.0,0.0,0.0
120.0,5.55659246,4.64235401,0.915186829,0.708868896,0.592128967,0.116754852
600.0,8.44247723,7.11444235,1.32763946,1.07703376,0.907688171,0.169349991
1800.0,8.74648094,7.37450743,1.37097919,1.11557317,0.940862732,0.174826752
7200.0,8.74726582,7.37480688,1.37102985,1.11561275,0.941004883,0.174838028
