parameter,value
surface_H,8.604504062527754
DL,1.0761701127133766e-10
