time,C_mol,CL_mol,CT_mol,C_wtppm,CL_wtppm,CT_wtppm
0.0,0.0,0.0,0.0,0.0,0.0,0.0
120.0,4.04352713,3.34456134,0.698820007,0.515891968,0.426715454,0.0891378708
600.0,6.3614893,5.33049488,1.02999973,0.811371216,0.679920959,0.131427628
1800.0,8.91627502,7.52092409,1.39508128,1.13737917,0.959359863,0.178007034
7200.0,10.1705942,8.59629345,1.57433224,1.29746079,1.09645498,0.200885834
