parameter,value
surface_H,8.596301737813686
DL,1.0910903389695824e-10
