time,C_mol,CL_mol,CT_mol,C_wtppm,CL_wtppm,CT_wtppm
0.0,0.0,0.0,0.0,0.0,0.0,0.0
120.0,4.05033255,3.35056424,0.699624634,0.516729553,0.427473083,0.0892554779
600.0,6.38259029,5.34889984,1.03299272,0.814106689,0.682340149,0.131830872
1800.0,8.93274498,7.53524113,1.39776146,1.13967097,0.961304016,0.178312256
7200.0,10.1612873,8.58793259,1.5729419,1.2963233,1.09542251,0.200690247
