parameter,value
surface_H,8.606329276050154
DL,1.0718576530855196e-10
