time,C_mol,CL_mol,CT_mol,C_wtppm,CL_wtppm,CT_wtppm
0.0,0.0,0.0,0.0,0.0,0.0,0.0
120.0,4.04102468,3.34416318,0.698340088,0.515597717,0.426562042,0.0891142502
600.0,6.35363483,5.32561159,1.02904594,0.810585022,0.679186035,0.131288467
1800.0,8.90944195,7.51592875,1.39451587,1.13678336,0.958654236,0.177918045
7200.0,10.1717119,8.59793758,1.57488954,1.29787374,1.0966301,0.200902237
