parameter,value
surface_H,8.895201476368875
DL,1.1011808273279216e-10
