time,C_mol,CL_mol,CT_mol,C_wtppm,CL_wtppm,CT_wtppm
0.0,0.0,0.0,0.0,0.0,0.0,0.0
120.0,4.19296551,3.47315478,0.720050781,0.53482019,0.442986328,0.0918445969
600.0,6.61865664,5.55169296,1.067029,0.844471436,0.708308228,0.136129578
1800.0,9.25830936,7.81299639,1.44439077,1.1811403,0.99686261,0.184242889
7200.0,10.510704,8.8866024,1.6230427,1.34091544,1.13385284,0.207045471
