parameter,value
surface_H,8.660892774041983
DL,9.996221763280024e-11
