time,C_mol,CL_mol,CT_mol,C_wtppm,CL_wtppm,CT_wtppm
0.0,0.0,0.0,0.0,0.0,0.0,0.0
120.0,4.01866293,3.3239367,0.694879883,0.512638062,0.423873413,0.0886577301
600.0,6.25051689,5.23595142,1.01442623,0.797284668,0.667979919,0.129377365
1800.0,8.82557678,7.4419899,1.38249588,1.12599218,0.949555176,0.176315765
7200.0,10.2304392,8.64647198,1.58316588,1.30522048,1.10319757,0.201935043
