parameter,value
surface_H,7.678125
DL,5.668749999999999e-10
