parameter,value
surface_H,6.589270366962462
DL,6.069310572090076e-10
