time,C_mol,CL_mol,CT_mol,C_wtppm,CL_wtppm,CT_wtppm
0.0,0.0,0.0,0.0,0.0,0.0,0.0
120.0,4.72315979,3.92663836,0.796016724,0.602502625,0.501053497,0.10156189
600.0,7.4185648,6.23754787,1.18151581,0.946379456,0.795695862,0.15073999
1800.0,7.82729197,6.58613062,1.23950064,0.998335205,0.840147827,0.158179489
7200.0,7.82867956,6.59029722,1.2397635,0.998570679,0.840365845,0.158202972
