parameter,value
surface_H,8.659155018286054
DL,1.0022841234968263e-10
