time,C_mol,CL_mol,CT_mol,C_wtppm,CL_wtppm,CT_wtppm
0.0,0.0,0.0,0.0,0.0,0.0,0.0
120.0,4.01883364,3.32381177,0.695232788,0.512673767,0.424079834,0.0886742477
600.0,6.25438213,5.23875761,1.01496685,0.797949585,0.668445862,0.129457321
1800.0,8.82988167,7.44566536,1.38307106,1.12634671,0.95004187,0.176390945
7200.0,10.2286243,8.64431953,1.58305609,1.30504107,1.10307705,0.201900162
