parameter,value
surface_H,8.597763840750677
DL,2.7483617412349e-10
