time,C_mol,CL_mol,CT_mol,C_wtppm,CL_wtppm,CT_wtppm
0.0,0.0,0.0,0.0,0.0,0.0,0.0
120.0,4.95529127,4.12607718,0.828951416,0.632061584,0.526322205,0.105760391
600.0,8.38271999,7.06309414,1.31883168,1.06924129,0.901139343,0.168251022
1800.0,10.0334482,8.47703266,1.55450678,1.27957273,1.0815804,0.198326126
7200.0,10.1757984,8.59635448,1.57444549,1.29722977,1.09725261,0.200826859
