parameter,value
surface_H,8.603168857909797
DL,1.0968518443080066e-10
