time,C_mol,CL_mol,CT_mol,C_wtppm,CL_wtppm,CT_wtppm
0.0,0.0,0.0,0.0,0.0,0.0,0.0
120.0,4.05702353,3.35538983,0.700610474,0.517569519,0.428126556,0.0893785629
600.0,6.39702702,5.36345673,1.03556991,0.816369385,0.684163391,0.132079971
1800.0,8.94974995,7.55171347,1.40016031,1.14194977,0.963324402,0.178648209
7200.0,10.1685152,8.5962038,1.57428932,1.29740417,1.0964241,0.200858795
