parameter,value
surface_H,8.426506661853775
DL,1.5436970816322273e-10
