time,C_mol,CL_mol,CT_mol,C_wtppm,CL_wtppm,CT_wtppm
0.0,0.0,0.0,0.0,0.0,0.0,0.0
120.0,4.2477417,3.52052617,0.727930664,0.541933105,0.44909314,0.0928641052
600.0,6.98886919,5.86942244,1.1198982,0.891467468,0.7486651,0.142876694
1800.0,9.32676983,7.87261486,1.45414913,1.18994415,1.00431132,0.185489395
7200.0,9.9699564,8.42534256,1.54662204,1.27228451,1.07459342,0.197264633
