parameter,value
surface_H,8.658890158190768
DL,1.0020104479103356e-10
