time,C_mol,CL_mol,CT_mol,C_wtppm,CL_wtppm,CT_wtppm
0.0,0.0,0.0,0.0,0.0,0.0,0.0
120.0,4.01844931,3.32370782,0.695200134,0.512609314,0.424053131,0.0886596146
600.0,6.25352573,5.23829079,1.01486492,0.797839478,0.668384033,0.129442032
1800.0,8.82884216,7.44534111,1.38291466,1.12628543,0.949959839,0.176372849
7200.0,10.2283039,8.64419556,1.58304226,1.30501699,1.10300064,0.201890717
