parameter,value
surface_H,8.608805992606172
DL,1.0735069071580547e-10
