time,C_mol,CL_mol,CT_mol,C_wtppm,CL_wtppm,CT_wtppm
0.0,0.0,0.0,0.0,0.0,0.0,0.0
120.0,4.04444075,3.34568667,0.698658936,0.516012268,0.42682547,0.0891478271
600.0,6.35904217,5.32855272,1.02975523,0.811070801,0.679708923,0.131371902
1800.0,8.91571426,7.52017021,1.39525819,1.13738191,0.959294861,0.177995956
7200.0,10.1742783,8.59947395,1.57535529,1.2980957,1.09705937,0.200950348
