parameter,value
surface_H,8.087906090198896
DL,2.657271935974336e-10
