time,C_mol,CL_mol,CT_mol,C_wtppm,CL_wtppm,CT_wtppm
0.0,0.0,0.0,0.0,0.0,0.0,0.0
120.0,4.62962484,3.8466959,0.782540466,0.59065033,0.490862946,0.0998410034
600.0,7.82754564,6.58903646,1.23985338,0.99880011,0.840422485,0.158185806
1800.0,9.42833614,7.96215248,1.46855474,1.20303273,1.01558876,0.187388611
7200.0,9.57495594,8.09075069,1.48945975,1.22229707,1.03159428,0.190056503
