parameter,value
surface_H,5.774559049299627
DL,5.532604108021072e-10
