time,C_mol,CL_mol,CT_mol,C_wtppm,CL_wtppm,CT_wtppm
0.0,0.0,0.0,0.0,0.0,0.0,0.0
120.0,4.05515432,3.35458994,0.700476562,0.51738446,0.428010132,0.0893742523
600.0,6.44897604,5.40770149,1.04281938,0.822821289,0.689705994,0.133044327
1800.0,6.87387991,5.77073669,1.10344994,0.87703363,0.736250305,0.140763626
7200.0,6.87608147,5.77632618,1.10412049,0.877359924,0.736456665,0.14083194
