parameter,value
surface_H,8.25630880933911
DL,2.542392414670747e-10
