parameter,value
surface_H,8.160293551593977
DL,5.45059845187636e-11
