time,C_mol,CL_mol,CT_mol,C_wtppm,CL_wtppm,CT_wtppm
0.0,0.0,0.0,0.0,0.0,0.0,0.0
120.0,3.48722839,2.86750293,0.619056702,0.444755249,0.365783508,0.0789699783
600.0,4.88101387,4.06333733,0.818652466,0.622702576,0.518340637,0.104454277
1800.0,7.02499962,5.90022421,1.12511849,0.896104248,0.752822754,0.143546371
7200.0,9.4491024,7.97835588,1.47142696,1.20579445,1.01784289,0.187745468
