parameter,value
surface_H,8.84643885782283
DL,1.18496632083618e-10
