time,C_mol,CL_mol,CT_mol,C_wtppm,CL_wtppm,CT_wtppm
0.0,0.0,0.0,0.0,0.0,0.0,0.0
120.0,4.22533464,3.50041318,0.724727905,0.53918103,0.446745758,0.0924581528
600.0,6.74208164,5.65567636,1.08468354,0.859950684,0.721690186,0.138353195
1800.0,9.34933186,7.89084339,1.45724142,1.19263446,1.00686395,0.185875198
7200.0,10.4558163,8.84212112,1.61543286,1.33385801,1.12802744,0.206088379
