parameter,value
surface_H,9.381676418246613
DL,3.109069270035353e-11
