time,C_mol,CL_mol,CT_mol,C_wtppm,CL_wtppm,CT_wtppm
0.0,0.0,0.0,0.0,0.0,0.0,0.0
120.0,3.78547883,3.12457061,0.661566528,0.483020935,0.398598358,0.0844235535
600.0,4.81545115,4.0058322,0.808871033,0.614255615,0.51110965,0.103195854
1800.0,6.69380903,5.61446714,1.07764506,0.853824158,0.716510376,0.13745752
7200.0,10.0922842,8.52806473,1.56352222,1.28725326,1.08800542,0.199445755
