parameter,value
surface_H,9.889650564314877
DL,5.099499464970645e-11
