time,C_mol,CL_mol,CT_mol,C_wtppm,CL_wtppm,CT_wtppm
0.0,0.0,0.0,0.0,0.0,0.0,0.0
120.0,4.16472054,3.44909978,0.715928528,0.531392944,0.440015137,0.0913098221
600.0,5.77428484,4.82808352,0.946175659,0.736431641,0.615838257,0.120670898
1800.0,8.30649281,6.99796915,1.30808055,1.05959344,0.892600952,0.166860275
7200.0,11.3644972,9.61841965,1.74489915,1.44969296,1.22719383,0.222623505
