parameter,value
surface_H,9.74811564673611
DL,4.693282612009639e-10
