time,C_mol,CL_mol,CT_mol,C_wtppm,CL_wtppm,CT_wtppm
0.0,0.0,0.0,0.0,0.0,0.0,0.0
120.0,6.4542942,5.41127014,1.04319608,0.823396301,0.690294006,0.133123032
600.0,10.5493774,8.92168808,1.62833273,1.34567761,1.1379869,0.207818024
1800.0,11.4943895,9.73329258,1.7636869,1.46667027,1.24142218,0.225046936
7200.0,11.5102463,9.74980831,1.76588488,1.46876955,1.24340498,0.225458099
