parameter,value
surface_H,6.834762247186186
DL,7.217999008110991e-10
