time,C_mol,CL_mol,CT_mol,C_wtppm,CL_wtppm,CT_wtppm
0.0,0.0,0.0,0.0,0.0,0.0,0.0
120.0,5.1229434,4.26971769,0.853078918,0.653533386,0.544722046,0.108821503
600.0,7.81688786,6.57824469,1.23836541,0.997294373,0.839259094,0.157991104
1800.0,8.11332798,6.8319025,1.28111422,1.03516781,0.871564148,0.163423782
7200.0,8.11377335,6.83228302,1.28118134,1.03518307,0.871603516,0.163432022
