parameter,value
surface_H,8.56875
DL,1.3374999999999998e-10
