parameter,value
surface_H,8.65645015806187
DL,1.0053492060008535e-10
