time,C_mol,CL_mol,CT_mol,C_wtppm,CL_wtppm,CT_wtppm
0.0,0.0,0.0,0.0,0.0,0.0,0.0
120.0,4.02040148,3.32444954,0.695350647,0.512940186,0.424163147,0.0886971512
600.0,6.25775766,5.24371099,1.01548839,0.798468018,0.668911133,0.129543503
1800.0,8.83242989,7.44849157,1.38339949,1.12660551,0.950176453,0.176500977
7200.0,10.2254696,8.64264488,1.58258104,1.30423176,1.10260892,0.201864716
