parameter,value
surface_H,6.845694218203437
DL,2.345237778127198e-10
