time,C_mol,CL_mol,CT_mol,C_wtppm,CL_wtppm,CT_wtppm
0.0,0.0,0.0,0.0,0.0,0.0,0.0
120.0,3.82015491,3.15361261,0.667027283,0.487428345,0.402331757,0.0850697937
600.0,6.4372077,5.39589024,1.04125488,0.821256042,0.688366638,0.132807037
1800.0,7.94282913,6.68744469,1.25643587,1.01348162,0.853172363,0.160269928
7200.0,8.12590408,6.84402275,1.28261769,1.03694677,0.873148865,0.163609726
