parameter,value
surface_H,7.879071525303345
DL,4.923064410828948e-10
