time,C_mol,CL_mol,CT_mol,C_wtppm,CL_wtppm,CT_wtppm
0.0,0.0,0.0,0.0,0.0,0.0,0.0
120.0,5.31147575,4.43270922,0.880074158,0.677692566,0.565468811,0.112272743
600.0,8.61376953,7.26195049,1.35203803,1.09897935,0.926552368,0.172485992
1800.0,9.3225708,7.86920881,1.45328641,1.18936241,1.00392258,0.185390503
7200.0,9.33395481,7.87784386,1.45440686,1.19110632,1.00538611,0.185578278
