parameter,value
surface_H,9.076558223758523
DL,4.950237439529103e-10
