time,C_mol,CL_mol,CT_mol,C_wtppm,CL_wtppm,CT_wtppm
0.0,0.0,0.0,0.0,0.0,0.0,0.0
120.0,6.10760784,5.11388636,0.993643616,0.779140564,0.652286621,0.126791595
600.0,9.90939331,8.37232876,1.5375129,1.26425266,1.06825888,0.196099808
1800.0,10.7183838,9.06644249,1.65297449,1.367342,1.15659368,0.210821777
7200.0,10.7292137,9.07545948,1.65517843,1.36854482,1.15778506,0.211043091
