parameter,value
surface_H,8.55040318455086
DL,7.481109135395937e-10
