time,C_mol,CL_mol,CT_mol,C_wtppm,CL_wtppm,CT_wtppm
0.0,0.0,0.0,0.0,0.0,0.0,0.0
120.0,6.43374014,5.39141893,1.04037905,0.82071991,0.687874084,0.132724899
600.0,9.77418804,8.25411129,1.51761925,1.24661791,1.0529052,0.193605392
1800.0,10.1179543,8.54917336,1.56651533,1.29037082,1.09025514,0.199831909
7200.0,10.1220512,8.54939079,1.56663036,1.29043853,1.09027135,0.199844162
