parameter,value
surface_H,8.585549476927358
DL,1.0979055478664633e-10
