time,C_mol,CL_mol,CT_mol,C_wtppm,CL_wtppm,CT_wtppm
0.0,0.0,0.0,0.0,0.0,0.0,0.0
120.0,4.04892159,3.34979653,0.699520264,0.516573059,0.427374634,0.0892331772
600.0,6.38750267,5.35426998,1.0339129,0.814971008,0.683113403,0.131911591
1800.0,8.93453979,7.53606987,1.39818037,1.13997829,0.961516357,0.178343796
7200.0,10.1476526,8.57627964,1.57153368,1.29481637,1.09434474,0.200477875
