parameter,value
surface_H,9.136198810159012
DL,1.5927619063697622e-10
