time,C_mol,CL_mol,CT_mol,C_wtppm,CL_wtppm,CT_wtppm
0.0,0.0,0.0,0.0,0.0,0.0,0.0
120.0,4.62325573,3.84188294,0.781533569,0.589744324,0.490189789,0.0997233658
600.0,7.63831472,6.42697144,1.21280873,0.974414856,0.819975525,0.154714111
1800.0,10.1462288,8.5749054,1.57074487,1.29426837,1.09399486,0.200419998
7200.0,10.8020859,9.1354847,1.66412532,1.37787986,1.16543508,0.212385712
