parameter,value
surface_H,7.231675632047379
DL,3.174858092180892e-10
