time,C_mol,CL_mol,CT_mol,C_wtppm,CL_wtppm,CT_wtppm
0.0,0.0,0.0,0.0,0.0,0.0,0.0
120.0,4.34776497,3.60550642,0.742369263,0.554641296,0.460034454,0.0946972122
600.0,7.3120513,6.14732218,1.16622472,0.93280304,0.784046631,0.148768753
1800.0,8.50757313,7.17118692,1.33684754,1.08519614,0.914618652,0.170541046
7200.0,8.57987499,7.23354053,1.34739614,1.09409487,0.922285217,0.171874344
