parameter,value
surface_H,8.23941875729839
DL,3.195180153416896e-10
