time,C_mol,CL_mol,CT_mol,C_wtppm,CL_wtppm,CT_wtppm
0.0,0.0,0.0,0.0,0.0,0.0,0.0
120.0,4.94277191,4.11504316,0.827307495,0.630317993,0.524955872,0.105546921
600.0,8.32293987,7.01199293,1.31068218,1.06174946,0.894550964,0.167230453
1800.0,9.67630959,8.17133141,1.50405252,1.23434782,1.0423913,0.191866516
7200.0,9.75233269,8.23839378,1.51539373,1.24466598,1.05087137,0.193330627
