parameter,value
surface_H,7.954693712860681
DL,3.6786370569506324e-10
