time,C_mol,CL_mol,CT_mol,C_wtppm,CL_wtppm,CT_wtppm
0.0,0.0,0.0,0.0,0.0,0.0,0.0
120.0,4.95651722,4.12737465,0.829289856,0.632320435,0.52657074,0.105816429
600.0,8.27887726,6.97435379,1.30408156,1.05604744,0.889841858,0.166392685
1800.0,9.37927151,7.91716623,1.46152997,1.19632053,1.01007867,0.186399139
7200.0,9.42483997,7.95395756,1.46779132,1.20195472,1.01518846,0.187165451
