time,C_mol,CL_mol,CT_mol,C_wtppm,CL_wtppm,CT_wtppm
0.0,0.0,0.0,0.0,0.0,0.0,0.0
120.0,2.30008221,1.85124969,0.44898819,0.293465485,0.236139481,0.0572766685
600.0,2.5344727,2.05147457,0.482805786,0.323300354,0.261711304,0.0616088181
1800.0,3.05180097,2.49554205,0.557060974,0.389407471,0.318339691,0.0710688782
7200.0,4.6385746,3.85477853,0.783839539,0.591656128,0.491703735,0.10001281
