parameter,value
surface_H,8.051395565152918
DL,8.900067479178835e-10
