time,C_mol,CL_mol,CT_mol,C_wtppm,CL_wtppm,CT_wtppm
0.0,0.0,0.0,0.0,0.0,0.0,0.0
120.0,6.34008551,5.31296444,1.02729774,0.808955994,0.67792395,0.131044189
600.0,9.3174715,7.8650856,1.45280409,1.18872702,1.0034312,0.185327637
1800.0,9.532547,8.05040073,1.48412704,1.21629095,1.02730107,0.189329361
7200.0,9.53359699,8.05049324,1.4841342,1.21629941,1.02731705,0.18932991
