parameter,value
surface_H,5.7049301370523615
DL,1.6390122886740354e-10
