time,C_mol,CL_mol,CT_mol,C_wtppm,CL_wtppm,CT_wtppm
0.0,0.0,0.0,0.0,0.0,0.0,0.0
120.0,2.95766377,2.41386604,0.543516357,0.377353088,0.308012238,0.069338295
600.0,4.86476994,4.04851723,0.816266357,0.6205979,0.516561646,0.104144798
1800.0,6.41238403,5.37524796,1.03765297,0.818130249,0.685859863,0.13236792
7200.0,6.79690552,5.70342684,1.09242582,0.867186035,0.727946289,0.13936615
