parameter,value
surface_H,6.283963264850945
DL,9.999999999999999e-10
