time,C_mol,CL_mol,CT_mol,C_wtppm,CL_wtppm,CT_wtppm
0.0,0.0,0.0,0.0,0.0,0.0,0.0
120.0,5.12410259,4.27043056,0.853383606,0.653574097,0.544763733,0.10884391
600.0,7.34545994,6.17491627,1.17105412,0.937125488,0.78774884,0.149390549
1800.0,7.4717598,6.28220463,1.18899047,0.953182251,0.801355103,0.151705475
7200.0,7.47176027,6.28220987,1.18899047,0.953216797,0.801355713,0.151708328
