parameter,value
surface_H,7.95206886359254
DL,3.7091857491452837e-10
