time,C_mol,CL_mol,CT_mol,C_wtppm,CL_wtppm,CT_wtppm
0.0,0.0,0.0,0.0,0.0,0.0,0.0
120.0,4.96661949,4.13646126,0.830589783,0.633552185,0.527603882,0.105981537
600.0,8.28886223,6.98374176,1.30579019,1.05745316,0.890795959,0.166548218
1800.0,9.37640381,7.91596794,1.46136415,1.19623148,1.00970209,0.186380371
7200.0,9.41829014,7.95233679,1.46755385,1.20186329,1.01422191,0.187137619
