parameter,value
surface_H,8.656745898420507
DL,1.0045049498522687e-10
