time,C_mol,CL_mol,CT_mol,C_wtppm,CL_wtppm,CT_wtppm
0.0,0.0,0.0,0.0,0.0,0.0,0.0
120.0,4.02016115,3.3240242,0.695308167,0.512888062,0.4241492,0.0886788635
600.0,6.25665712,5.24102306,1.01517332,0.798297974,0.66874115,0.129518738
1800.0,8.83023834,7.44729185,1.38320053,1.12645543,0.95002533,0.176461212
7200.0,10.225543,8.64271832,1.58258879,1.30425489,1.10262084,0.201866455
