parameter,value
surface_H,8.601232424146074
DL,1.0879383984881475e-10
