time,C_mol,CL_mol,CT_mol,C_wtppm,CL_wtppm,CT_wtppm
0.0,0.0,0.0,0.0,0.0,0.0,0.0
120.0,4.04992342,3.35038328,0.69948822,0.516659241,0.427398041,0.0892341156
600.0,6.38053513,5.34696722,1.03289628,0.814006042,0.68230072,0.131752991
1800.0,8.93346596,7.53445911,1.39763367,1.1397723,0.961443848,0.178326096
7200.0,10.1670189,8.5915556,1.57402015,1.29702473,1.09619987,0.20082074
