parameter,value
surface_H,8.746116189699725
DL,3.672972663927921e-10
