time,C_mol,CL_mol,CT_mol,C_wtppm,CL_wtppm,CT_wtppm
0.0,0.0,0.0,0.0,0.0,0.0,0.0
120.0,5.43319893,4.53727818,0.897704895,0.693454529,0.578818665,0.114507423
600.0,9.08478928,7.66655827,1.41917491,1.15913641,0.977905029,0.181083038
1800.0,10.2955971,8.70474625,1.59234333,1.31377208,1.11042953,0.203193405
7200.0,10.3439302,8.74914646,1.59881902,1.32022429,1.11583018,0.204094406
