parameter,value
surface_H,7.195292881285836
DL,7.920039816958768e-10
