time,C_mol,CL_mol,CT_mol,C_wtppm,CL_wtppm,CT_wtppm
0.0,0.0,0.0,0.0,0.0,0.0,0.0
120.0,5.51630592,4.60619068,0.909481812,0.703728638,0.587704895,0.116018127
600.0,8.28013992,6.9755435,1.30445957,1.05648172,0.890036255,0.166426971
1800.0,8.53382301,7.19160557,1.34091747,1.08925641,0.917958313,0.171045135
7200.0,8.5340395,7.19164848,1.34095228,1.08943677,0.917967224,0.171058304
