parameter,value
surface_H,8.271875
DL,4.4312499999999996e-10
