parameter,value
surface_H,8.701860108347109
DL,3.7133782772668675e-10
