time,C_mol,CL_mol,CT_mol,C_wtppm,CL_wtppm,CT_wtppm
0.0,0.0,0.0,0.0,0.0,0.0,0.0
120.0,5.42437124,4.52659893,0.895996033,0.691774536,0.577496399,0.114297966
600.0,9.05926704,7.64337587,1.41588068,1.15561199,0.975022766,0.180609177
1800.0,10.2484074,8.66164112,1.58581221,1.30711293,1.10501695,0.202289459
7200.0,10.2922583,8.70104885,1.59264672,1.31283331,1.10976923,0.203124878
