parameter,value
surface_H,8.42589632673214
DL,1.5518626526836284e-10
