time,C_mol,CL_mol,CT_mol,C_wtppm,CL_wtppm,CT_wtppm
0.0,0.0,0.0,0.0,0.0,0.0,0.0
120.0,4.25156832,3.52339649,0.728517883,0.542404297,0.449476654,0.092927124
600.0,7.00003338,5.8792305,1.12165165,0.892853333,0.749896118,0.143094116
1800.0,9.33185768,7.87828493,1.45505571,1.19065857,1.0049566,0.185626419
7200.0,9.96933746,8.42477417,1.54659235,1.27224636,1.07456017,0.197262482
