parameter,value
surface_H,8.5143939314672
DL,1.6885457714266776e-10
