time,C_mol,CL_mol,CT_mol,C_wtppm,CL_wtppm,CT_wtppm
0.0,0.0,0.0,0.0,0.0,0.0,0.0
120.0,4.37316847,3.62750292,0.745812927,0.557833313,0.462705353,0.0951415787
600.0,7.2573204,6.09901381,1.15835118,0.925729065,0.778007507,0.147778488
1800.0,9.53817749,8.05455494,1.48435819,1.21673977,1.02748418,0.189365051
7200.0,10.0736809,8.51380348,1.56136727,1.28517294,1.08599317,0.199187042
