parameter,value
surface_H,8.643815598671255
DL,1.0546262833957914e-10
