time,C_mol,CL_mol,CT_mol,C_wtppm,CL_wtppm,CT_wtppm
0.0,0.0,0.0,0.0,0.0,0.0,0.0
120.0,4.04681635,3.34739065,0.698981934,0.516393799,0.42706073,0.0892002182
600.0,6.34633541,5.31795311,1.0280906,0.809687439,0.678734802,0.131155716
1800.0,8.91486454,7.52012777,1.39526272,1.137326,0.959497192,0.177972504
7200.0,10.2122478,8.6331234,1.58054554,1.30304825,1.10144627,0.20165921
