parameter,value
surface_H,8.201388425430249
DL,1.3109603483850886e-11
