time,C_mol,CL_mol,CT_mol,C_wtppm,CL_wtppm,CT_wtppm
0.0,0.0,0.0,0.0,0.0,0.0,0.0
120.0,3.18293142,2.60808635,0.575262573,0.406056274,0.332619415,0.0733971558
600.0,3.60270977,2.96707869,0.635469482,0.459700012,0.378557831,0.0810893326
1800.0,4.50410223,3.73992991,0.764372986,0.574660156,0.477068329,0.0975281219
7200.0,7.0231328,5.8999958,1.12480402,0.896143494,0.752613525,0.143498322
