parameter,value
surface_H,8.704849926749498
DL,1.0652578906435894e-10
