time,C_mol,CL_mol,CT_mol,C_wtppm,CL_wtppm,CT_wtppm
0.0,0.0,0.0,0.0,0.0,0.0,0.0
120.0,4.08181238,3.37805915,0.704135986,0.520747925,0.43095755,0.0898100433
600.0,6.41244745,5.37496614,1.03727055,0.818051208,0.685682983,0.132336319
1800.0,8.99929619,7.59004974,1.40706241,1.14784932,0.968510986,0.179493927
7200.0,10.2882719,8.69515419,1.59111738,1.31231773,1.10930717,0.202947998
