parameter,value
surface_H,8.564859614845933
DL,4.84809092613211e-10
