time,C_mol,CL_mol,CT_mol,C_wtppm,CL_wtppm,CT_wtppm
0.0,0.0,0.0,0.0,0.0,0.0,0.0
120.0,5.73777771,4.79756165,0.941188721,0.732143799,0.611936707,0.12006266
600.0,9.33093071,7.87598181,1.45473778,1.190274,1.00472248,0.18555513
1800.0,10.1202345,8.55267525,1.56764853,1.29114532,1.09113801,0.199961716
7200.0,10.1339817,8.56316662,1.57001531,1.29296339,1.09246218,0.200195862
