parameter,value
surface_H,8.835755322415423
DL,1.1399494240030713e-10
