time,C_mol,CL_mol,CT_mol,C_wtppm,CL_wtppm,CT_wtppm
0.0,0.0,0.0,0.0,0.0,0.0,0.0
120.0,4.19140816,3.47139144,0.71980072,0.534674744,0.4429758,0.0918368301
600.0,6.64964247,5.57791901,1.07151234,0.848449463,0.711771545,0.136697876
1800.0,9.26506805,7.81884909,1.44489908,1.1817919,0.997544861,0.18436087
7200.0,10.4425631,8.82779598,1.61349404,1.33232033,1.12630999,0.205825226
