parameter,value
surface_H,7.9933098879205104
DL,3.5652957060438143e-10
