time,C_mol,CL_mol,CT_mol,C_wtppm,CL_wtppm,CT_wtppm
0.0,0.0,0.0,0.0,0.0,0.0,0.0
120.0,4.94042349,4.11252022,0.826920044,0.630144775,0.524598816,0.105475983
600.0,8.26688766,6.96496201,1.30247235,1.05451834,0.888412292,0.166153137
1800.0,9.41722202,7.95154333,1.46679306,1.20118725,1.01422405,0.187141098
7200.0,9.46859074,7.99644232,1.47368419,1.20739436,1.01955855,0.188017487
