parameter,value
surface_H,7.265803842693158
DL,2.359068945454374e-10
