time,C_mol,CL_mol,CT_mol,C_wtppm,CL_wtppm,CT_wtppm
0.0,0.0,0.0,0.0,0.0,0.0,0.0
120.0,4.0521121,3.35250664,0.700076721,0.51699231,0.42759903,0.0893151932
600.0,6.83466816,5.73750591,1.09802425,0.871894409,0.731857117,0.140066269
1800.0,8.42707348,7.10085106,1.32529724,1.07493699,0.905996948,0.169059097
7200.0,8.62171078,7.26562834,1.35266232,1.09934747,0.927256531,0.17253006
