parameter,value
surface_H,8.65770946099497
DL,1.0061828818565519e-10
