time,C_mol,CL_mol,CT_mol,C_wtppm,CL_wtppm,CT_wtppm
0.0,0.0,0.0,0.0,0.0,0.0,0.0
120.0,4.02115393,3.32495618,0.695440918,0.513020996,0.424223541,0.0887119217
600.0,6.26243973,5.24548626,1.01573944,0.798688232,0.669258118,0.129599014
1800.0,8.83714199,7.45115185,1.38376534,1.12717509,0.950808167,0.176536987
7200.0,10.2280226,8.6433773,1.58267391,1.30494082,1.10296631,0.201882507
