parameter,value
surface_H,9.179121978157974
DL,3.050670304180076e-10
