time,C_mol,CL_mol,CT_mol,C_wtppm,CL_wtppm,CT_wtppm
0.0,0.0,0.0,0.0,0.0,0.0,0.0
120.0,5.42232561,4.52733517,0.896213257,0.692161011,0.577700378,0.114327492
600.0,9.1593523,7.73030567,1.43054116,1.16883147,0.986360291,0.182490143
1800.0,10.7442131,9.08967113,1.6566143,1.37081623,1.15976441,0.211387619
7200.0,10.8464603,9.17769909,1.67186069,1.38407576,1.17149532,0.213345139
