parameter,value
surface_H,8.754331263274254
DL,4.1556136783593387e-10
