time,C_mol,CL_mol,CT_mol,C_wtppm,CL_wtppm,CT_wtppm
0.0,0.0,0.0,0.0,0.0,0.0,0.0
120.0,5.62315369,4.69752979,0.92452887,0.717212585,0.599375793,0.117941956
600.0,9.30382156,7.85173559,1.45081222,1.18658769,1.00178385,0.185039886
1800.0,10.3271894,8.72948742,1.5969317,1.31728494,1.11368966,0.203706039
7200.0,10.3531132,8.7525692,1.60132933,1.32064366,1.11710262,0.204209091
