parameter,value
surface_H,5.7484375
DL,5.359374999999999e-10
