parameter,value
surface_H,5.978061870581191
DL,7.670054456959935e-10
