time,C_mol,CL_mol,CT_mol,C_wtppm,CL_wtppm,CT_wtppm
0.0,0.0,0.0,0.0,0.0,0.0,0.0
120.0,4.56881905,3.79513097,0.773979919,0.583017456,0.484179871,0.0987531357
600.0,6.88742018,5.7824769,1.10552061,0.878880981,0.737638672,0.141029999
1800.0,7.11315775,5.97902679,1.13803601,0.908033203,0.762314087,0.145180878
7200.0,7.1133728,5.97967339,1.13804901,0.908098877,0.762328003,0.145182465
