parameter,value
surface_H,6.838336411071666
DL,7.121786382887479e-10
