time,C_mol,CL_mol,CT_mol,C_wtppm,CL_wtppm,CT_wtppm
0.0,0.0,0.0,0.0,0.0,0.0,0.0
120.0,5.10694408,4.25629234,0.850920593,0.65146991,0.543057617,0.108575325
600.0,7.81320238,6.57570839,1.23759198,0.996584839,0.838877991,0.157902802
1800.0,8.12082481,6.83882666,1.28128505,1.03548396,0.872468567,0.163526855
7200.0,8.1220665,6.8402195,1.28132272,1.03557837,0.87261908,0.163538681
