parameter,value
surface_H,8.578001382826063
DL,1.0787598285299028e-10
