time,C_mol,CL_mol,CT_mol,C_wtppm,CL_wtppm,CT_wtppm
0.0,0.0,0.0,0.0,0.0,0.0,0.0
120.0,4.03407717,3.33634353,0.697156311,0.514636108,0.425656677,0.0889349289
600.0,6.34601164,5.31906414,1.02801716,0.809593628,0.678452942,0.131136154
1800.0,8.89463425,7.50134706,1.39204609,1.1344806,0.956890686,0.177595123
7200.0,10.1396093,8.56883907,1.57007396,1.29355276,1.09315884,0.200327957
