parameter,value
surface_H,8.587357035264402
DL,1.073384829111409e-10
