time,C_mol,CL_mol,CT_mol,C_wtppm,CL_wtppm,CT_wtppm
0.0,0.0,0.0,0.0,0.0,0.0,0.0
120.0,4.0341835,3.33718872,0.697232666,0.514626404,0.425835327,0.0889687347
600.0,6.34268093,5.31509733,1.0273447,0.809199829,0.678234924,0.13108255
1800.0,8.89283848,7.50174046,1.39201558,1.13459086,0.957035278,0.177571548
7200.0,10.1475229,8.57826519,1.57163811,1.29485536,1.09439278,0.200484756
