parameter,value
surface_H,9.237391177946037
DL,9.999999999999999e-10
