time,C_mol,CL_mol,CT_mol,C_wtppm,CL_wtppm,CT_wtppm
0.0,0.0,0.0,0.0,0.0,0.0,0.0
120.0,7.46669102,6.27640581,1.18788755,0.952409912,0.80080481,0.151583344
600.0,10.7302418,9.0769701,1.65440023,1.36906886,1.15795135,0.211093979
1800.0,10.9165382,9.23777103,1.68075585,1.39326537,1.17842519,0.214459351
7200.0,10.9165401,9.23782825,1.68077958,1.39327037,1.17842531,0.214459396
