parameter,value
surface_H,7.500569324932901
DL,7.217930811261281e-11
