time,C_mol,CL_mol,CT_mol,C_wtppm,CL_wtppm,CT_wtppm
0.0,0.0,0.0,0.0,0.0,0.0,0.0
120.0,3.33036876,2.73360586,0.596745911,0.424866058,0.348777069,0.0761102982
600.0,4.89723921,4.07617807,0.820859802,0.624779602,0.520064026,0.104701378
1800.0,7.03932667,5.9121213,1.12714291,0.898157593,0.754375732,0.143812943
7200.0,8.82380104,7.44052601,1.38203228,1.12557769,0.949325134,0.176320267
