parameter,value
surface_H,8.609204668533131
DL,1.0718992858944108e-10
