time,C_mol,CL_mol,CT_mol,C_wtppm,CL_wtppm,CT_wtppm
0.0,0.0,0.0,0.0,0.0,0.0,0.0
120.0,4.04391432,3.34498096,0.698519775,0.515843933,0.426767395,0.0891375656
600.0,6.35539436,5.32660818,1.02926528,0.810826782,0.679418091,0.131319901
1800.0,8.91219807,7.51762915,1.39485633,1.13709497,0.959044556,0.177962311
7200.0,10.1744843,8.59957027,1.5753715,1.29812205,1.0970695,0.200951981
