parameter,value
surface_H,8.656885872837197
DL,1.0048997759727396e-10
