time,C_mol,CL_mol,CT_mol,C_wtppm,CL_wtppm,CT_wtppm
0.0,0.0,0.0,0.0,0.0,0.0,0.0
120.0,4.02033806,3.3242445,0.695334351,0.512922302,0.424164948,0.0886831589
600.0,6.25728273,5.24320555,1.01539016,0.798396851,0.668852112,0.129532211
1800.0,8.83151722,7.44821167,1.38327479,1.12654257,0.950137451,0.176484482
7200.0,10.2255831,8.64279079,1.58259988,1.30430913,1.10264325,0.201868362
