parameter,value
surface_H,8.678316789992284
DL,3.031525973884597e-10
