time,C_mol,CL_mol,CT_mol,C_wtppm,CL_wtppm,CT_wtppm
0.0,0.0,0.0,0.0,0.0,0.0,0.0
120.0,5.12683105,4.27300358,0.853663757,0.654107483,0.545265137,0.108893196
600.0,8.65774536,7.29753017,1.35848808,1.1044426,0.93114801,0.173270798
1800.0,10.1660013,8.59199905,1.57383394,1.29674399,1.09605968,0.200768173
7200.0,10.2696638,8.67700195,1.58872843,1.30968261,1.10707319,0.202635025
