parameter,value
surface_H,8.606362933256051
DL,1.0987817143129298e-10
