time,C_mol,CL_mol,CT_mol,C_wtppm,CL_wtppm,CT_wtppm
0.0,0.0,0.0,0.0,0.0,0.0,0.0
120.0,4.05906057,3.35909963,0.700880493,0.517778015,0.428458588,0.0894330063
600.0,6.40558004,5.36820269,1.03629088,0.817016846,0.684828918,0.132214615
1800.0,8.9585619,7.55698395,1.40137792,1.14280343,0.963909729,0.178783035
7200.0,10.1728563,8.59861088,1.57516932,1.29796743,1.09694481,0.200922409
