parameter,value
surface_H,8.778788892759811
DL,1.0449793787986383e-10
