time,C_mol,CL_mol,CT_mol,C_wtppm,CL_wtppm,CT_wtppm
0.0,0.0,0.0,0.0,0.0,0.0,0.0
120.0,4.10138941,3.39542413,0.7069422,0.523338135,0.433193085,0.090201622
600.0,6.42560339,5.38635397,1.0393368,0.819602844,0.687014526,0.132591614
1800.0,9.03475285,7.62274981,1.41223109,1.15253985,0.972221008,0.180147171
7200.0,10.3701725,8.76796246,1.60330117,1.32289267,1.11850703,0.204490845
