parameter,value
surface_H,8.884607692854416
DL,5.399389191531669e-10
