time,C_mol,CL_mol,CT_mol,C_wtppm,CL_wtppm,CT_wtppm
0.0,0.0,0.0,0.0,0.0,0.0,0.0
120.0,6.12259054,5.12734556,0.996188232,0.781216309,0.654035217,0.127084297
600.0,9.81683922,8.2944088,1.52405286,1.25241339,1.05801737,0.194440964
1800.0,10.4995413,8.878232,1.62150204,1.33941042,1.13265514,0.206851868
7200.0,10.5028067,8.88528252,1.62217486,1.34012103,1.1331408,0.207029129
