parameter,value
surface_H,7.082971783541665
DL,9.999999999999999e-10
