time,C_mol,CL_mol,CT_mol,C_wtppm,CL_wtppm,CT_wtppm
0.0,0.0,0.0,0.0,0.0,0.0,0.0
120.0,5.75702,4.81277323,0.943804077,0.734526123,0.614069946,0.120406609
600.0,8.26177788,6.95928097,1.30198848,1.05409849,0.887994629,0.166075714
1800.0,8.40612698,7.08135033,1.32281208,1.07243073,0.903878662,0.168629761
7200.0,8.40619469,7.0813508,1.32281232,1.07248008,0.903879028,0.168629776
