parameter,value
surface_H,7.862528479856598
DL,6.636632298396671e-10
