time,C_mol,CL_mol,CT_mol,C_wtppm,CL_wtppm,CT_wtppm
0.0,0.0,0.0,0.0,0.0,0.0,0.0
120.0,5.74264622,4.80163765,0.941922058,0.732695618,0.612531494,0.120165955
600.0,8.90481853,7.51048851,1.39398098,1.13602436,0.958369202,0.177796997
1800.0,9.31264782,7.86007071,1.45240796,1.18776584,1.00281858,0.185196106
7200.0,9.31311321,7.86070299,1.45281911,1.18787384,1.00346303,0.185213547
