parameter,value
surface_H,7.3118998478162185
DL,9.999999999999999e-10
