time,C_mol,CL_mol,CT_mol,C_wtppm,CL_wtppm,CT_wtppm
0.0,0.0,0.0,0.0,0.0,0.0,0.0
120.0,5.93912411,4.96853876,0.969904846,0.75750885,0.63394458,0.123729103
600.0,8.5249939,7.18543482,1.33932424,1.08726871,0.916666748,0.1708461
1800.0,8.67375469,7.3124485,1.36041987,1.10588527,0.933121216,0.173505798
7200.0,8.67377186,7.31245041,1.36042023,1.10588539,0.933123047,0.173505814
