parameter,value
surface_H,8.259483171472624
DL,1.579605991814003e-10
