time,C_mol,CL_mol,CT_mol,C_wtppm,CL_wtppm,CT_wtppm
0.0,0.0,0.0,0.0,0.0,0.0,0.0
120.0,4.18640995,3.46673822,0.718977539,0.534059082,0.442316833,0.0917119598
600.0,6.90349674,5.79463053,1.10741055,0.880522644,0.739273315,0.141267563
1800.0,9.1758337,7.74322605,1.4322437,1.17037928,0.987654785,0.18271199
7200.0,9.77989292,8.26098919,1.5185833,1.24727142,1.05335212,0.19373233
