parameter,value
surface_H,8.217325804189123
DL,5.607512156461313e-10
