time,C_mol,CL_mol,CT_mol,C_wtppm,CL_wtppm,CT_wtppm
0.0,0.0,0.0,0.0,0.0,0.0,0.0
120.0,5.73208094,4.79219437,0.940167297,0.731119568,0.611273743,0.119960197
600.0,9.13400269,7.70727348,1.42657638,1.16507745,0.983340576,0.181988037
1800.0,9.722682,8.21285057,1.51083481,1.24015808,1.04759574,0.192705856
7200.0,9.72852993,8.21856499,1.51165962,1.24105513,1.04832029,0.192862106
