parameter,value
surface_H,9.449565908778712
DL,3.2838944206954497e-10
