time,C_mol,CL_mol,CT_mol,C_wtppm,CL_wtppm,CT_wtppm
0.0,0.0,0.0,0.0,0.0,0.0,0.0
120.0,5.6885705,4.7552309,0.933757446,0.725489014,0.606391479,0.119130424
600.0,9.5820322,8.09191132,1.49015927,1.22242618,1.03221822,0.190192154
1800.0,11.0851583,9.37869644,1.70475984,1.41418231,1.19665349,0.217544876
7200.0,11.1647768,9.44935226,1.71592939,1.42473698,1.2055788,0.219106827
