parameter,value
surface_H,6.217025712505794
DL,3.8054001868697945e-10
