time,C_mol,CL_mol,CT_mol,C_wtppm,CL_wtppm,CT_wtppm
0.0,0.0,0.0,0.0,0.0,0.0,0.0
120.0,3.94048071,3.25692987,0.684056763,0.502667114,0.415380585,0.0872841263
600.0,6.54241276,5.48788786,1.05616057,0.834696106,0.699880371,0.134759598
1800.0,7.36492348,6.19207764,1.17390573,0.939559937,0.789812378,0.14977507
7200.0,7.39366722,6.21845436,1.17817771,0.943361267,0.792998169,0.150342834
