parameter,value
surface_H,8.840380069016328
DL,1.1496996955417644e-10
