time,C_mol,CL_mol,CT_mol,C_wtppm,CL_wtppm,CT_wtppm
0.0,0.0,0.0,0.0,0.0,0.0,0.0
120.0,4.19951153,3.4787035,0.721118713,0.535851624,0.443878632,0.091971283
600.0,6.67062998,5.59740162,1.07462752,0.851188782,0.713945923,0.13707756
1800.0,9.28455353,7.83857346,1.44824505,1.18449593,0.999798157,0.184735245
7200.0,10.448267,8.83500671,1.61437523,1.33280277,1.1268754,0.205928268
