parameter,value
surface_H,9.367828613518867
DL,7.071647569814364e-10
