time,C_mol,CL_mol,CT_mol,C_wtppm,CL_wtppm,CT_wtppm
0.0,0.0,0.0,0.0,0.0,0.0,0.0
120.0,6.93248653,5.82084703,1.11161184,0.884190247,0.742411438,0.14181546
600.0,10.6433764,9.00281334,1.64217186,1.35798633,1.14853907,0.209497528
1800.0,11.0669565,9.36748981,1.70308304,1.41202176,1.19519293,0.217276199
7200.0,11.0706196,9.37185192,1.70312512,1.41280353,1.19528842,0.21728476
