parameter,value
surface_H,7.94890420689161
DL,6.798919300339639e-11
