time,C_mol,CL_mol,CT_mol,C_wtppm,CL_wtppm,CT_wtppm
0.0,0.0,0.0,0.0,0.0,0.0,0.0
120.0,3.49190259,2.87291145,0.619843811,0.44557309,0.366559296,0.0790794373
600.0,5.08569717,4.23870182,0.847774536,0.64885498,0.540628296,0.108162056
1800.0,7.32500315,6.15793991,1.16774821,0.934534668,0.785417786,0.148988052
7200.0,9.32270813,7.86835957,1.45311868,1.18933749,1.00385463,0.185387802
