time,C_mol,CL_mol,CT_mol,C_wtppm,CL_wtppm,CT_wtppm
0.0,0.0,0.0,0.0,0.0,0.0,0.0
120.0,4.69101954,3.89987731,0.791365112,0.598533875,0.497462128,0.100915146
600.0,7.1890893,6.03809977,1.14843559,0.916853333,0.770358582,0.146451538
1800.0,10.2486343,8.66203785,1.58559418,1.30728614,1.1051079,0.20227533
7200.0,12.1826077,10.3185329,1.86177933,1.55413306,1.31645644,0.237506332
