parameter,value
surface_H,8.090337819093978
DL,8.844021604861548e-10
