time,C_mol,CL_mol,CT_mol,C_wtppm,CL_wtppm,CT_wtppm
0.0,0.0,0.0,0.0,0.0,0.0,0.0
120.0,6.36035967,5.33144903,1.03011155,0.811628296,0.679968933,0.131408249
600.0,9.35857582,7.90109825,1.45865738,1.19393122,1.00772905,0.186058716
1800.0,9.58177948,8.09264755,1.49002099,1.22254241,1.03168607,0.190065506
7200.0,9.58190536,8.09287071,1.49093592,1.22256529,1.03169513,0.190065842
