parameter,value
surface_H,6.242957424046536
DL,1.1294183761811913e-10
