time,C_mol,CL_mol,CT_mol,C_wtppm,CL_wtppm,CT_wtppm
0.0,0.0,0.0,0.0,0.0,0.0,0.0
120.0,2.99753451,2.44798279,0.549208801,0.382440796,0.312423676,0.0700654221
600.0,4.72513103,3.92906833,0.796283325,0.602965027,0.501330078,0.101616089
1800.0,6.57373428,5.51379633,1.06062603,0.838704285,0.703504456,0.135328873
7200.0,7.41888332,6.23871994,1.18139946,0.946485229,0.795852661,0.150720642
