parameter,value
surface_H,7.320404958585485
DL,8.859460070542096e-10
