time,C_mol,CL_mol,CT_mol,C_wtppm,CL_wtppm,CT_wtppm
0.0,0.0,0.0,0.0,0.0,0.0,0.0
120.0,5.7723608,4.82549763,0.945697449,0.736261963,0.6154328,0.120665588
600.0,8.48302555,7.14936161,1.33356118,1.08216894,0.912012085,0.170136398
1800.0,8.68470573,7.3188591,1.36217248,1.10771453,0.933679749,0.173794113
7200.0,8.68474865,7.32404804,1.3621732,1.10771632,0.93368927,0.173794647
