parameter,value
surface_H,8.615380223056707
DL,1.0529099481807669e-10
