time,C_mol,CL_mol,CT_mol,C_wtppm,CL_wtppm,CT_wtppm
0.0,0.0,0.0,0.0,0.0,0.0,0.0
120.0,4.03327274,3.33692646,0.697236145,0.514593811,0.425622498,0.0889198761
600.0,6.32252407,5.29818773,1.02475727,0.806797241,0.675839233,0.130709869
1800.0,8.88321877,7.49224901,1.3907274,1.13333869,0.95594342,0.177384369
7200.0,10.178359,8.6047287,1.57611895,1.29886687,1.09773231,0.201022202
