parameter,value
surface_H,7.6487304296165295
DL,2.7979001888812115e-10
