time,C_mol,CL_mol,CT_mol,C_wtppm,CL_wtppm,CT_wtppm
0.0,0.0,0.0,0.0,0.0,0.0,0.0
120.0,4.44287348,3.68708634,0.755850891,0.566808411,0.470404022,0.0964275894
600.0,7.50420427,6.31165981,1.19367135,0.9573396,0.80517218,0.152276428
1800.0,8.94639587,7.54833078,1.39978826,1.14136636,0.9629552,0.178552383
7200.0,9.06316853,7.65235806,1.41691482,1.15632594,0.976112671,0.180694412
