parameter,value
surface_H,8.291480686439382
DL,1.5639602747086606e-10
