time,C_mol,CL_mol,CT_mol,C_wtppm,CL_wtppm,CT_wtppm
0.0,0.0,0.0,0.0,0.0,0.0,0.0
120.0,4.19280291,3.47243524,0.720013916,0.534861938,0.442988892,0.0918566742
600.0,6.90580702,5.79942846,1.10808051,0.881176208,0.739792175,0.141353394
1800.0,9.19559669,7.76221704,1.43539226,1.17326438,0.990272949,0.183114563
7200.0,9.81290817,8.29246521,1.52347851,1.25223994,1.05804873,0.194344269
