parameter,value
surface_H,7.251733946310827
DL,7.593059456627834e-10
