time,C_mol,CL_mol,CT_mol,C_wtppm,CL_wtppm,CT_wtppm
0.0,0.0,0.0,0.0,0.0,0.0,0.0
120.0,5.49925661,4.59140253,0.906667236,0.701450012,0.585723145,0.115700134
600.0,8.32021999,7.00853634,1.30995488,1.06133294,0.894208191,0.167158295
1800.0,8.60008049,7.25015306,1.35049498,1.09757853,0.925342102,0.172327042
7200.0,8.60419846,7.2502532,1.35052085,1.09762967,0.92537793,0.172330902
