parameter,value
surface_H,8.606400120935364
DL,1.0715562788586826e-10
