time,C_mol,CL_mol,CT_mol,C_wtppm,CL_wtppm,CT_wtppm
0.0,0.0,0.0,0.0,0.0,0.0,0.0
120.0,4.04098129,3.34405208,0.698291931,0.515568481,0.426556152,0.0891109009
600.0,6.35301828,5.32532072,1.02898228,0.810541382,0.679145752,0.131282501
1800.0,8.90922356,7.51540327,1.39448202,1.13665843,0.958612793,0.177909225
7200.0,10.1720428,8.59794807,1.57489061,1.29787815,1.09663558,0.200902573
