parameter,value
surface_H,9.832128265546586
DL,6.562716121040352e-10
