time,C_mol,CL_mol,CT_mol,C_wtppm,CL_wtppm,CT_wtppm
0.0,0.0,0.0,0.0,0.0,0.0,0.0
120.0,7.12462997,5.98693228,1.13936603,0.909200867,0.763613464,0.145330719
600.0,11.0900402,9.38413429,1.70575404,1.41474807,1.19703305,0.217579239
1800.0,11.6085701,9.82771969,1.78064108,1.48088622,1.25394082,0.227064117
7200.0,11.6153259,9.83388233,1.78100359,1.48141313,1.25399482,0.227080887
