parameter,value
surface_H,6.795154010328708
DL,4.4259731745115674e-10
