time,C_mol,CL_mol,CT_mol,C_wtppm,CL_wtppm,CT_wtppm
0.0,0.0,0.0,0.0,0.0,0.0,0.0
120.0,4.47086048,3.71136522,0.759810669,0.570266663,0.473386108,0.096956543
600.0,7.32796812,6.16078424,1.16826451,0.934984497,0.786009644,0.149066376
1800.0,8.05214214,6.78122234,1.27181995,1.02733827,0.86506958,0.162277802
7200.0,8.06614494,6.79660416,1.27380228,1.02946043,0.867084473,0.162595428
