parameter,value
surface_H,9.359442152858373
DL,2.0892965765503776e-10
