time,C_mol,CL_mol,CT_mol,C_wtppm,CL_wtppm,CT_wtppm
0.0,0.0,0.0,0.0,0.0,0.0,0.0
120.0,5.03021193,4.19041586,0.839758057,0.641792175,0.534661011,0.10712114
600.0,8.47770596,7.14415026,1.3325125,1.08127165,0.911290894,0.169997101
1800.0,10.7114315,9.06094933,1.65201306,1.36639369,1.15577865,0.210769241
7200.0,11.0623636,9.35840225,1.70223737,1.41048682,1.19406235,0.217159164
