parameter,value
surface_H,7.035012301197616
DL,4.5356692460378495e-10
