time,C_mol,CL_mol,CT_mol,C_wtppm,CL_wtppm,CT_wtppm
0.0,0.0,0.0,0.0,0.0,0.0,0.0
120.0,4.65457153,3.86791158,0.786016968,0.593741028,0.493451416,0.10029203
600.0,7.61183786,6.40300274,1.20905244,0.971037476,0.817077454,0.154238937
1800.0,8.33392143,7.0215683,1.31187451,1.06322968,0.895886719,0.167373352
7200.0,8.34665108,7.03230762,1.31391418,1.06500959,0.897918274,0.167645447
