parameter,value
surface_H,6.541158358970277
DL,4.212443128832685e-10
