time,C_mol,CL_mol,CT_mol,C_wtppm,CL_wtppm,CT_wtppm
0.0,0.0,0.0,0.0,0.0,0.0,0.0
120.0,4.25189066,3.52358556,0.728621887,0.542373413,0.449593842,0.0929634323
600.0,7.00249863,5.88184738,1.12196803,0.893388306,0.750248047,0.143160858
1800.0,7.75171804,6.52524614,1.22907817,0.989070862,0.832218445,0.156843781
7200.0,7.76971054,6.54316998,1.23189354,0.991833191,0.834403564,0.15721553
