parameter,value
surface_H,8.75676606834798
DL,1.5688179046125643e-10
