time,C_mol,CL_mol,CT_mol,C_wtppm,CL_wtppm,CT_wtppm
0.0,0.0,0.0,0.0,0.0,0.0,0.0
120.0,4.42300081,3.67104149,0.75297937,0.56435791,0.468258362,0.0960820847
600.0,7.294415,6.12974024,1.16353571,0.93065802,0.78213031,0.148428375
1800.0,9.70886993,8.20001221,1.50885797,1.23864007,1.046188,0.192456833
7200.0,10.3549347,8.75307846,1.60150468,1.32117712,1.11717343,0.204222488
