parameter,value
surface_H,5.873919162730967
DL,2.1379889237935936e-10
