time,C_mol,CL_mol,CT_mol,C_wtppm,CL_wtppm,CT_wtppm
0.0,0.0,0.0,0.0,0.0,0.0,0.0
120.0,3.22683334,2.64514565,0.582051392,0.411780212,0.337385895,0.0742424011
600.0,5.4072094,4.51301479,0.893962341,0.689829529,0.575696655,0.11403875
1800.0,6.78908062,5.69770193,1.09139764,0.866148621,0.72685675,0.139248642
7200.0,6.99658203,5.87475967,1.12101054,0.892545532,0.749503113,0.143025314
