parameter,value
surface_H,7.957908849004803
DL,3.1535342064265087e-10
