time,C_mol,CL_mol,CT_mol,C_wtppm,CL_wtppm,CT_wtppm
0.0,0.0,0.0,0.0,0.0,0.0,0.0
120.0,4.76218319,3.96061254,0.801421753,0.60760907,0.505259918,0.10224482
600.0,8.02038383,6.75345659,1.26754987,1.0233041,0.861627136,0.161694244
1800.0,9.34574127,7.88827181,1.45686507,1.19223487,1.00651264,0.185837418
7200.0,9.42721462,7.95661306,1.46850789,1.20282817,1.01551592,0.187353485
