parameter,value
surface_H,8.657790831770367
DL,1.0037045008737865e-10
