time,C_mol,CL_mol,CT_mol,C_wtppm,CL_wtppm,CT_wtppm
0.0,0.0,0.0,0.0,0.0,0.0,0.0
120.0,4.01997566,3.32395196,0.695181519,0.512722046,0.424116364,0.0886755295
600.0,6.25757885,5.24040699,1.01493704,0.798200012,0.66868512,0.129497253
1800.0,8.83153343,7.44693708,1.38305867,1.1265465,0.950245483,0.176447937
7200.0,10.2279654,8.64329052,1.58266473,1.30485809,1.10295355,0.201880905
