parameter,value
surface_H,7.10698176078318
DL,2.7320224965972286e-10
