time,C_mol,CL_mol,CT_mol,C_wtppm,CL_wtppm,CT_wtppm
0.0,0.0,0.0,0.0,0.0,0.0,0.0
120.0,4.11339045,3.40566969,0.708805908,0.524853088,0.434372711,0.090432724
600.0,6.94289541,5.83018494,1.11339319,0.885884216,0.743637817,0.142029465
1800.0,8.31433964,7.00554609,1.30948675,1.06076694,0.893656128,0.167080933
7200.0,8.43483353,7.10857105,1.32673883,1.07586968,0.906372498,0.169263458
