parameter,value
surface_H,8.60322241768562
DL,1.085755563590225e-10
