time,C_mol,CL_mol,CT_mol,C_wtppm,CL_wtppm,CT_wtppm
0.0,0.0,0.0,0.0,0.0,0.0,0.0
120.0,4.04921722,3.34960127,0.699481995,0.516617676,0.427329926,0.089233429
600.0,6.37593746,5.34461737,1.03256202,0.813679993,0.681941284,0.131711914
1800.0,8.93028831,7.53449154,1.39739788,1.13946009,0.96112561,0.178291138
7200.0,10.1680336,8.59587669,1.5742476,1.29735792,1.09636891,0.200850616
