parameter,value
surface_H,6.997318040252543
DL,8.365486130486366e-10
