time,C_mol,CL_mol,CT_mol,C_wtppm,CL_wtppm,CT_wtppm
0.0,0.0,0.0,0.0,0.0,0.0,0.0
120.0,5.44361591,4.54568005,0.899007324,0.694452393,0.579675659,0.114705391
600.0,8.08740711,6.80939198,1.2768786,1.03139412,0.868684265,0.162886826
1800.0,8.30613899,6.9990592,1.30832052,1.05902994,0.892583069,0.166910919
7200.0,8.30895042,6.99914598,1.30832589,1.05903387,0.892585938,0.166948685
