parameter,value
surface_H,7.230551160837638
DL,7.711936025448379e-10
