time,C_mol,CL_mol,CT_mol,C_wtppm,CL_wtppm,CT_wtppm
0.0,0.0,0.0,0.0,0.0,0.0,0.0
120.0,5.50514603,4.59802771,0.907761963,0.702184326,0.586511658,0.115813354
600.0,8.30418396,6.99698019,1.3081907,1.05938482,0.892586487,0.16687056
1800.0,8.57622719,7.23190451,1.34732914,1.09393215,0.922149231,0.171861359
7200.0,8.57637596,7.2333436,1.34737587,1.09407091,0.922260193,0.171866867
