parameter,value
surface_H,7.959787063211149
DL,4.034945852438742e-11
