time,C_mol,CL_mol,CT_mol,C_wtppm,CL_wtppm,CT_wtppm
0.0,0.0,0.0,0.0,0.0,0.0,0.0
120.0,3.30259275,2.70994258,0.592690857,0.421382904,0.345701233,0.0755963669
600.0,4.38270617,3.63580489,0.747211853,0.55905719,0.463812134,0.0952940979
1800.0,6.21599436,5.20754528,1.0096209,0.793349548,0.664388794,0.128793152
7200.0,8.94686031,7.54679728,1.39995122,1.14148903,0.962909302,0.178578568
