parameter,value
surface_H,7.47852885620642
DL,2.534241497982992e-10
