time,C_mol,CL_mol,CT_mol,C_wtppm,CL_wtppm,CT_wtppm
0.0,0.0,0.0,0.0,0.0,0.0,0.0
120.0,4.24055672,3.51385593,0.727032471,0.540977783,0.448352997,0.0927406082
600.0,7.16219997,6.01867151,1.1448921,0.913686218,0.767654541,0.146041489
1800.0,8.70674133,7.34300709,1.36539483,1.11092508,0.936494385,0.174197754
7200.0,8.86488152,7.48113108,1.38798344,1.13124526,0.953612366,0.177121979
