parameter,value
surface_H,8.583422646083575
DL,1.0989701333262605e-10
