time,C_mol,CL_mol,CT_mol,C_wtppm,CL_wtppm,CT_wtppm
0.0,0.0,0.0,0.0,0.0,0.0,0.0
120.0,4.04870605,3.34944725,0.699443787,0.516503967,0.427251495,0.0892533646
600.0,6.38822412,5.35468769,1.0339036,0.814809021,0.683091858,0.131923874
1800.0,8.93481541,7.53597164,1.39817357,1.13973284,0.961557373,0.178338318
7200.0,10.1451845,8.57436657,1.57135355,1.29439974,1.09411573,0.200434998
