parameter,value
surface_H,8.603258396053459
DL,1.0847581891790586e-10
