time,C_mol,CL_mol,CT_mol,C_wtppm,CL_wtppm,CT_wtppm
0.0,0.0,0.0,0.0,0.0,0.0,0.0
120.0,4.04887867,3.34871483,0.699391235,0.516566162,0.42728183,0.0892223511
600.0,6.37448454,5.34308195,1.03242111,0.813479309,0.681798157,0.13167453
1800.0,8.92850685,7.53275442,1.39712942,1.13932335,0.960989624,0.178265198
7200.0,10.1680241,8.59588051,1.57424569,1.29735637,1.09636855,0.200850601
