parameter,value
surface_H,8.847371480532448
DL,1.171570360084355e-10
