time,C_mol,CL_mol,CT_mol,C_wtppm,CL_wtppm,CT_wtppm
0.0,0.0,0.0,0.0,0.0,0.0,0.0
120.0,4.21751308,3.49384999,0.723455383,0.538103516,0.445775452,0.0923128204
600.0,6.7183485,5.6359992,1.08120799,0.856932312,0.719080994,0.137900986
1800.0,9.3289938,7.87286186,1.4543221,1.18999195,1.00460541,0.185504623
7200.0,10.4565382,8.84228611,1.61547112,1.33390582,1.12806606,0.206092834
