parameter,value
surface_H,6.489660675221947
DL,1.4379760257716526e-10
