time,C_mol,CL_mol,CT_mol,C_wtppm,CL_wtppm,CT_wtppm
0.0,0.0,0.0,0.0,0.0,0.0,0.0
120.0,3.25590324,2.67024374,0.58613623,0.415428284,0.340693359,0.0747669067
600.0,5.29765797,4.41931343,0.878027039,0.675842041,0.563863403,0.112026993
1800.0,7.13912487,5.99670172,1.14125299,0.910750916,0.765068665,0.145595871
7200.0,7.71298981,6.48730803,1.22295392,0.984142334,0.828019653,0.156085983
