parameter,value
surface_H,8.422574396902228
DL,3.118768480400283e-10
