time,C_mol,CL_mol,CT_mol,C_wtppm,CL_wtppm,CT_wtppm
0.0,0.0,0.0,0.0,0.0,0.0,0.0
120.0,5.01796436,4.17884302,0.837815186,0.640112244,0.533170654,0.106914955
600.0,8.46028996,7.12903929,1.33019507,1.07934821,0.90958551,0.169696121
1800.0,9.88008499,8.34678841,1.53311515,1.26036441,1.06485438,0.195585678
7200.0,9.96871471,8.42336655,1.5459125,1.27199209,1.07430148,0.197236038
