parameter,value
surface_H,8.607304626889372
DL,1.0972451252744627e-10
