time,C_mol,CL_mol,CT_mol,C_wtppm,CL_wtppm,CT_wtppm
0.0,0.0,0.0,0.0,0.0,0.0,0.0
120.0,4.05962563,3.35756373,0.700781799,0.517744995,0.428392578,0.089421257
600.0,6.40293026,5.36622667,1.03594911,0.816766724,0.684430725,0.132172379
1800.0,8.95627403,7.55571651,1.40115511,1.1426115,0.963718872,0.178730377
7200.0,10.1738243,8.59933853,1.5752703,1.29804039,1.09699035,0.200936859
