parameter,value
surface_H,10.256115104909986
DL,9.803184833377599e-11
