parameter,value
surface_H,8.602074293589137
DL,1.0867824083867467e-10
