time,C_mol,CL_mol,CT_mol,C_wtppm,CL_wtppm,CT_wtppm
0.0,0.0,0.0,0.0,0.0,0.0,0.0
120.0,4.04915619,3.34993291,0.699448547,0.516653687,0.427344604,0.0892381744
600.0,6.37875128,5.34741068,1.03271067,0.813816467,0.682067688,0.131722946
1800.0,8.93124294,7.5351882,1.39745998,1.13962662,0.961242432,0.178305252
7200.0,10.1674089,8.59473705,1.57408905,1.29713488,1.0962801,0.200832886
