parameter,value
surface_H,8.645555037861506
DL,1.0519782615041135e-10
