time,C_mol,CL_mol,CT_mol,C_wtppm,CL_wtppm,CT_wtppm
0.0,0.0,0.0,0.0,0.0,0.0,0.0
120.0,4.04640818,3.3474021,0.698897339,0.51621991,0.426977509,0.0891820145
600.0,6.34302759,5.31494093,1.02752316,0.809263062,0.678149719,0.131103897
1800.0,8.91328621,7.51678371,1.39468956,1.13691175,0.959201294,0.177944489
7200.0,10.2168856,8.63502789,1.58078611,1.30315113,1.10161316,0.201733536
