parameter,value
surface_H,8.578223833499704
DL,1.079161120253314e-10
