time,C_mol,CL_mol,CT_mol,C_wtppm,CL_wtppm,CT_wtppm
0.0,0.0,0.0,0.0,0.0,0.0,0.0
120.0,4.03415823,3.33644795,0.69719281,0.514660583,0.425677368,0.0889397125
600.0,6.34777975,5.31954765,1.02829313,0.809735962,0.678547913,0.131156601
1800.0,8.89530659,7.50216246,1.39222729,1.13457739,0.956942078,0.17761322
7200.0,10.1396685,8.57005978,1.57012093,1.29356098,1.09317029,0.20032962
