parameter,value
surface_H,8.606274252284894
DL,1.0719782132563996e-10
