time,C_mol,CL_mol,CT_mol,C_wtppm,CL_wtppm,CT_wtppm
0.0,0.0,0.0,0.0,0.0,0.0,0.0
120.0,4.04215527,3.34421897,0.698349304,0.515601807,0.426571808,0.0891150742
600.0,6.35373592,5.32574224,1.02906525,0.810616943,0.67922113,0.131289886
1800.0,8.90960217,7.51609087,1.39453471,1.13679957,0.958669067,0.177923325
7200.0,10.1716585,8.59792614,1.57488894,1.29787254,1.09662867,0.200902176
