parameter,value
surface_H,8.478006444581558
DL,3.870561723079115e-10
