time,C_mol,CL_mol,CT_mol,C_wtppm,CL_wtppm,CT_wtppm
0.0,0.0,0.0,0.0,0.0,0.0,0.0
120.0,5.3453989,4.46091795,0.885038452,0.682025024,0.569221375,0.112874306
600.0,8.89927292,7.50707102,1.39291096,1.13523078,0.957697632,0.177684372
1800.0,9.99507904,8.44612694,1.54960263,1.27492273,1.07751,0.197675125
7200.0,10.0314264,8.47948647,1.55470276,1.28008342,1.08192468,0.198278885
