parameter,value
surface_H,8.65302675757873
DL,1.0421056343551622e-10
