time,C_mol,CL_mol,CT_mol,C_wtppm,CL_wtppm,CT_wtppm
0.0,0.0,0.0,0.0,0.0,0.0,0.0
120.0,4.04342318,3.34456849,0.698654846,0.515728943,0.42658783,0.0891193695
600.0,6.32820892,5.3046422,1.02571309,0.807420349,0.676510376,0.130844543
1800.0,8.90167236,7.50876284,1.39352691,1.13552749,0.957822876,0.17774437
7200.0,10.2248363,8.64191532,1.58248818,1.30442071,1.10252047,0.201867218
