parameter,value
surface_H,9.995361198112315
DL,5.761373648513499e-10
