time,C_mol,CL_mol,CT_mol,C_wtppm,CL_wtppm,CT_wtppm
0.0,0.0,0.0,0.0,0.0,0.0,0.0
120.0,6.99244547,5.87356091,1.1205703,0.892181091,0.749197876,0.142927948
600.0,11.1156082,9.40635109,1.70963693,1.4178195,1.1998359,0.218076645
1800.0,11.7956705,9.99122524,1.80674255,1.50466049,1.27430677,0.230498917
7200.0,11.804759,9.997715,1.80833673,1.50514114,1.27487755,0.230565125
