time,C_mol,CL_mol,CT_mol,C_wtppm,CL_wtppm,CT_wtppm
0.0,0.0,0.0,0.0,0.0,0.0,0.0
120.0,7.85438442,6.61150265,1.24347234,1.00196731,0.843297607,0.158648209
600.0,11.8411865,10.0274916,1.81332445,1.51063383,1.27928841,0.231332825
1800.0,12.2181072,10.3462095,1.86703265,1.55857408,1.32031274,0.238186249
7200.0,12.2182913,10.3464642,1.86712587,1.55859256,1.32031703,0.238189026
