parameter,value
surface_H,8.342886302018329
DL,3.222640364155691e-10
