time,C_mol,CL_mol,CT_mol,C_wtppm,CL_wtppm,CT_wtppm
0.0,0.0,0.0,0.0,0.0,0.0,0.0
120.0,5.01381254,4.1764555,0.837525879,0.639627808,0.532811096,0.10683873
600.0,8.44171143,7.11450338,1.3277005,1.07701206,0.907637268,0.169358398
1800.0,9.79943943,8.27639103,1.52108777,1.25000465,1.05584526,0.194046082
7200.0,9.87500381,8.34369469,1.53217709,1.2602421,1.06424594,0.195433502
