parameter,value
surface_H,8.661139811125464
DL,9.982893435952886e-11
