time,C_mol,CL_mol,CT_mol,C_wtppm,CL_wtppm,CT_wtppm
0.0,0.0,0.0,0.0,0.0,0.0,0.0
120.0,4.01786327,3.3223567,0.6948255,0.512576477,0.423797058,0.0886483002
600.0,6.24833345,5.23421192,1.01392043,0.797020447,0.667751343,0.129344559
1800.0,8.82367802,7.43964624,1.3820256,1.12556505,0.949222107,0.176276352
7200.0,10.2309389,8.64653873,1.58317542,1.30522597,1.10320103,0.201935532
