parameter,value
surface_H,7.49795120881399
DL,2.2589788968517927e-10
