time,C_mol,CL_mol,CT_mol,C_wtppm,CL_wtppm,CT_wtppm
0.0,0.0,0.0,0.0,0.0,0.0,0.0
120.0,4.13413191,3.42220569,0.711501709,0.527296753,0.436690643,0.0907879868
600.0,6.96746826,5.85059977,1.11655879,0.888829346,0.746505493,0.142495316
1800.0,8.66388893,7.3053956,1.35908222,1.10545492,0.932000488,0.173424301
7200.0,8.88827038,7.49925232,1.39095616,1.13412416,0.956909302,0.177577881
