parameter,value
surface_H,8.8480086910863
DL,1.1524209354993396e-10
