time,C_mol,CL_mol,CT_mol,C_wtppm,CL_wtppm,CT_wtppm
0.0,0.0,0.0,0.0,0.0,0.0,0.0
120.0,4.20490217,3.48394227,0.721841736,0.536517944,0.444376587,0.0920989685
600.0,6.68289804,5.60587788,1.07615817,0.852532227,0.715335266,0.137260818
1800.0,9.29842854,7.8476572,1.45012689,1.18640864,1.0012176,0.184960785
7200.0,10.4565086,8.8425951,1.61548674,1.33411872,1.12806761,0.206094421
