parameter,value
surface_H,8.662075316919864
DL,9.971466393432806e-11
