time,C_mol,CL_mol,CT_mol,C_wtppm,CL_wtppm,CT_wtppm
0.0,0.0,0.0,0.0,0.0,0.0,0.0
120.0,4.01765537,3.32209897,0.694851929,0.512539612,0.423879639,0.0886593018
600.0,6.24721336,5.23277617,1.01374948,0.796859253,0.667707458,0.129334152
1800.0,8.82117271,7.43849277,1.38186264,1.12541044,0.949152405,0.176273758
7200.0,10.2314167,8.64691162,1.58330786,1.30534124,1.10330963,0.201971725
