parameter,value
surface_H,6.758337719737884
DL,5.387849903386187e-10
