time,C_mol,CL_mol,CT_mol,C_wtppm,CL_wtppm,CT_wtppm
0.0,0.0,0.0,0.0,0.0,0.0,0.0
120.0,4.6890769,3.89772677,0.790985474,0.598207092,0.497298462,0.100914803
600.0,7.50052452,6.30703592,1.19289625,0.956745605,0.80448761,0.152177399
1800.0,8.0209856,6.75407839,1.26728177,1.02327919,0.861510864,0.161685745
7200.0,8.02840519,6.76126003,1.2683543,1.02378428,0.861860657,0.161766922
