parameter,value
surface_H,7.15737524131216
DL,7.511174291645205e-10
