time,C_mol,CL_mol,CT_mol,C_wtppm,CL_wtppm,CT_wtppm
0.0,0.0,0.0,0.0,0.0,0.0,0.0
120.0,5.41302681,4.51862574,0.894700378,0.690527893,0.576545593,0.11411602
600.0,8.20522118,6.91198206,1.29395151,1.04683566,0.881942139,0.165044708
1800.0,8.48933506,7.15633059,1.33482194,1.08338416,0.91287915,0.17027829
7200.0,8.48944759,7.15644836,1.33486795,1.08342326,0.913551819,0.170281525
