parameter,value
surface_H,8.959648434677804
DL,3.099134351130664e-11
