time,C_mol,CL_mol,CT_mol,C_wtppm,CL_wtppm,CT_wtppm
0.0,0.0,0.0,0.0,0.0,0.0,0.0
120.0,3.62099147,2.98329163,0.638174377,0.461995422,0.380479797,0.0814236374
600.0,4.60017729,3.82325935,0.778213867,0.586905212,0.487596252,0.0992894058
1800.0,6.39114571,5.35658312,1.03443062,0.815369812,0.683302307,0.131966415
7200.0,9.63736439,8.13939285,1.49862003,1.22957265,1.03838968,0.191140488
