parameter,value
surface_H,5.84603049145783
DL,7.496801727142827e-10
