time,C_mol,CL_mol,CT_mol,C_wtppm,CL_wtppm,CT_wtppm
0.0,0.0,0.0,0.0,0.0,0.0,0.0
120.0,4.44527864,3.68920064,0.756193481,0.567143311,0.470675018,0.0964648056
600.0,6.72768831,5.64433289,1.08255649,0.858331238,0.720249817,0.138096909
1800.0,6.96139956,5.84429121,1.11589718,0.888355652,0.745954651,0.142383575
7200.0,6.96466684,5.84472322,1.11592782,0.88854071,0.745974487,0.142385941
