parameter,value
surface_H,8.87042471668466
DL,1.192905706267518e-10
