time,C_mol,CL_mol,CT_mol,C_wtppm,CL_wtppm,CT_wtppm
0.0,0.0,0.0,0.0,0.0,0.0,0.0
120.0,4.24198723,3.51533461,0.727038147,0.541104126,0.448480469,0.0927518539
600.0,6.77315569,5.68454123,1.0892086,0.864086426,0.725202637,0.138961563
1800.0,9.38711357,7.92402935,1.46267915,1.19731915,1.01075172,0.186551285
7200.0,10.4837141,8.86619663,1.61941063,1.33754432,1.13088048,0.20658847
