parameter,value
surface_H,8.626743854991382
DL,1.0599564192609114e-10
