time,C_mol,CL_mol,CT_mol,C_wtppm,CL_wtppm,CT_wtppm
0.0,0.0,0.0,0.0,0.0,0.0,0.0
120.0,4.04232311,3.34443355,0.698684814,0.515730957,0.426734955,0.0891048355
600.0,6.34435129,5.31705666,1.02785051,0.809491577,0.678353149,0.131108276
1800.0,8.90885639,7.51422215,1.39406669,1.13638389,0.958460571,0.177873123
7200.0,10.1958771,8.61565876,1.57800913,1.30065155,1.09915948,0.201328903
