parameter,value
surface_H,8.417861672234977
DL,1.7850038394927715e-10
