time,C_mol,CL_mol,CT_mol,C_wtppm,CL_wtppm,CT_wtppm
0.0,0.0,0.0,0.0,0.0,0.0,0.0
120.0,4.37788391,3.63092399,0.746594727,0.558497498,0.463297516,0.0952261887
600.0,7.29782391,6.13288116,1.16382563,0.93096637,0.782465515,0.148491394
1800.0,9.49644184,8.01802731,1.47789443,1.21137702,1.02292168,0.188584442
7200.0,9.96592903,8.41776657,1.54416931,1.27072322,1.07413065,0.19713269
