parameter,value
surface_H,8.862242890646623
DL,1.0844166720629602e-10
