parameter,value
surface_H,8.65348859566057
DL,1.0409356775940292e-10
