time,C_mol,CL_mol,CT_mol,C_wtppm,CL_wtppm,CT_wtppm
0.0,0.0,0.0,0.0,0.0,0.0,0.0
120.0,4.04155874,3.34416866,0.698601196,0.515658325,0.426540588,0.0891219864
600.0,6.32693148,5.30314112,1.02525556,0.807236938,0.676338989,0.130816513
1800.0,8.89969254,7.50708675,1.39303792,1.13530886,0.957553894,0.177726883
7200.0,10.2253304,8.64278984,1.58252048,1.30445659,1.10253704,0.201875107
