parameter,value
surface_H,8.585412147044611
DL,1.0980149515357156e-10
