time,C_mol,CL_mol,CT_mol,C_wtppm,CL_wtppm,CT_wtppm
0.0,0.0,0.0,0.0,0.0,0.0,0.0
120.0,4.04866171,3.34977984,0.699521545,0.516577942,0.4273815,0.0892341156
600.0,6.38737631,5.35430717,1.0339185,0.814975708,0.683119812,0.131912872
1800.0,8.93450356,7.53611326,1.39818466,1.13998485,0.961528381,0.17834581
7200.0,10.1474466,8.57615471,1.57152748,1.29479957,1.09434116,0.200476807
