parameter,value
surface_H,8.639664525893465
DL,1.0744532233797476e-10
