time,C_mol,CL_mol,CT_mol,C_wtppm,CL_wtppm,CT_wtppm
0.0,0.0,0.0,0.0,0.0,0.0,0.0
120.0,4.058074,3.35843444,0.70089447,0.51768457,0.428450104,0.0894008102
600.0,6.38196182,5.34932661,1.03323698,0.814259583,0.682328735,0.131815842
1800.0,8.9480114,7.54838228,1.39998889,1.14168918,0.96296106,0.178580566
7200.0,10.2087002,8.63049984,1.58027446,1.30266106,1.10097694,0.20160585
