parameter,value
surface_H,7.894115238012144
DL,4.5621439015730166e-10
