time,C_mol,CL_mol,CT_mol,C_wtppm,CL_wtppm,CT_wtppm
0.0,0.0,0.0,0.0,0.0,0.0,0.0
120.0,5.21458149,4.34681511,0.865992798,0.665027893,0.554654236,0.110508385
600.0,8.53370857,7.19165182,1.34057319,1.08855426,0.917679749,0.171016846
1800.0,9.33542633,7.88006926,1.45513391,1.19074488,1.00531828,0.185675613
7200.0,9.35332108,7.89205027,1.45727217,1.1928916,1.00743628,0.186003418
