parameter,value
surface_H,7.83320156817507
DL,7.326238687345854e-10
