time,C_mol,CL_mol,CT_mol,C_wtppm,CL_wtppm,CT_wtppm
0.0,0.0,0.0,0.0,0.0,0.0,0.0
120.0,5.87390232,4.91243935,0.960301514,0.749170715,0.626748901,0.122507942
600.0,8.95015335,7.54891348,1.40016484,1.14172077,0.963209473,0.17858905
1800.0,9.28090668,7.83075571,1.44710135,1.18364847,0.999456482,0.184590927
7200.0,9.28120995,7.83154297,1.44794512,1.18368614,0.999622375,0.184601898
