parameter,value
surface_H,8.603595148025725
DL,1.0970104438520916e-10
