time,C_mol,CL_mol,CT_mol,C_wtppm,CL_wtppm,CT_wtppm
0.0,0.0,0.0,0.0,0.0,0.0,0.0
120.0,4.05719566,3.35581303,0.700634094,0.517620117,0.428173187,0.0893823624
600.0,6.39747572,5.36404562,1.0356524,0.81645282,0.684203796,0.132084641
1800.0,8.95014191,7.55240536,1.40028346,1.14209831,0.963380554,0.178659058
7200.0,10.1687832,8.5965147,1.57437611,1.2974689,1.09651268,0.20086087
