parameter,value
surface_H,8.60912965327676
DL,1.0717794325737248e-10
