time,C_mol,CL_mol,CT_mol,C_wtppm,CL_wtppm,CT_wtppm
0.0,0.0,0.0,0.0,0.0,0.0,0.0
120.0,4.04388905,3.34495211,0.698516602,0.515814453,0.426749878,0.0891366348
600.0,6.35526562,5.32649803,1.02922964,0.810797241,0.679405945,0.131318069
1800.0,8.91198063,7.51722431,1.39483511,1.13704634,0.959010071,0.177960388
7200.0,10.1744566,8.59955311,1.57536614,1.29811919,1.09706855,0.20095163
