parameter,value
surface_H,8.594052744000631
DL,1.0932298442736462e-10
