time,C_mol,CL_mol,CT_mol,C_wtppm,CL_wtppm,CT_wtppm
0.0,0.0,0.0,0.0,0.0,0.0,0.0
120.0,4.05084372,3.3508215,0.699709717,0.516659363,0.427498596,0.0892550964
600.0,6.38525629,5.35099173,1.03354299,0.814538025,0.682734192,0.131855774
1800.0,8.93538475,7.53759718,1.39802432,1.13979113,0.961519104,0.178343994
7200.0,10.1596212,8.58557034,1.57272828,1.29580128,1.09521973,0.200658493
