parameter,value
surface_H,8.478837518017507
DL,5.32994950091654e-10
