time,C_mol,CL_mol,CT_mol,C_wtppm,CL_wtppm,CT_wtppm
0.0,0.0,0.0,0.0,0.0,0.0,0.0
120.0,5.82888079,4.87582636,0.953997803,0.743615112,0.622006165,0.12173877
600.0,9.35840034,7.90247583,1.45860064,1.19401693,1.0080961,0.186109314
1800.0,10.0260878,8.47225761,1.5539645,1.27891123,1.080796,0.198241608
7200.0,10.0318451,8.47997856,1.55474734,1.2801348,1.08194387,0.198352936
