parameter,value
surface_H,8.994998772302855
DL,6.185714565860473e-10
