time,C_mol,CL_mol,CT_mol,C_wtppm,CL_wtppm,CT_wtppm
0.0,0.0,0.0,0.0,0.0,0.0,0.0
120.0,6.42971325,5.38878584,1.03969264,0.820189819,0.687519775,0.132662781
600.0,10.0958872,8.53275681,1.56390119,1.28793359,1.08868921,0.19955751
1800.0,10.6308374,8.99315262,1.64057183,1.3561902,1.1472249,0.209292068
7200.0,10.6340837,8.99735355,1.64069188,1.35658443,1.14803588,0.209437851
