parameter,value
surface_H,8.576538781489415
DL,1.10162734198982e-10
