time,C_mol,CL_mol,CT_mol,C_wtppm,CL_wtppm,CT_wtppm
0.0,0.0,0.0,0.0,0.0,0.0,0.0
120.0,4.04792118,3.34831476,0.699140015,0.5164245,0.427188446,0.089212265
600.0,6.38761568,5.35460377,1.03386009,0.814961487,0.682877136,0.131905411
1800.0,8.93190861,7.53481674,1.39751995,1.1394242,0.961103882,0.178306702
7200.0,10.1375256,8.56875134,1.56986439,1.29349387,1.09308791,0.200320297
