parameter,value
surface_H,9.965589449388077
DL,4.0783718294626117e-10
