time,C_mol,CL_mol,CT_mol,C_wtppm,CL_wtppm,CT_wtppm
0.0,0.0,0.0,0.0,0.0,0.0,0.0
120.0,6.34735823,5.32121372,1.02818966,0.809977173,0.678716919,0.131182587
600.0,10.5349474,8.90907764,1.62636626,1.34406638,1.13658559,0.207511276
1800.0,11.734786,9.93490601,1.79732883,1.49662232,1.26755595,0.229364105
7200.0,11.7716103,9.96804428,1.80181587,1.5009948,1.27098131,0.229980484
