parameter,value
surface_H,8.399332081090265
DL,2.2021833399051474e-10
