time,C_mol,CL_mol,CT_mol,C_wtppm,CL_wtppm,CT_wtppm
0.0,0.0,0.0,0.0,0.0,0.0,0.0
120.0,4.58589268,3.80941081,0.776078613,0.585079895,0.485959229,0.099023819
600.0,7.73275948,6.50828934,1.22634947,0.986557922,0.830222168,0.156497284
1800.0,9.66833973,8.16801739,1.50309563,1.23367786,1.04188216,0.191779434
7200.0,9.938241,8.40275002,1.54203963,1.26835406,1.07169938,0.196747253
