parameter,value
surface_H,8.20720762055899
DL,5.523314522020233e-10
