time,C_mol,CL_mol,CT_mol,C_wtppm,CL_wtppm,CT_wtppm
0.0,0.0,0.0,0.0,0.0,0.0,0.0
120.0,5.70273638,4.76634169,0.93590918,0.72746875,0.60790802,0.119400131
600.0,9.10574722,7.68290234,1.42219734,1.16166973,0.980160095,0.181460129
1800.0,9.7117157,8.20183086,1.50853086,1.23882353,1.04632151,0.192458817
7200.0,9.71855927,8.20692921,1.50904787,1.2394979,1.04689717,0.192532227
