parameter,value
surface_H,8.602411050112389
DL,1.0879230227690511e-10
