time,C_mol,CL_mol,CT_mol,C_wtppm,CL_wtppm,CT_wtppm
0.0,0.0,0.0,0.0,0.0,0.0,0.0
120.0,4.05040407,3.35050464,0.699531128,0.516805847,0.427450928,0.0892487488
600.0,6.38112736,5.34858418,1.03297782,0.814133972,0.682377075,0.131772171
1800.0,8.93412781,7.53721142,1.39780474,1.13989997,0.961531982,0.178343536
7200.0,10.1676416,8.59492588,1.57411325,1.29728115,1.09631395,0.200838531
