parameter,value
surface_H,7.254008589224349
DL,9.999999999999999e-10
