time,C_mol,CL_mol,CT_mol,C_wtppm,CL_wtppm,CT_wtppm
0.0,0.0,0.0,0.0,0.0,0.0,0.0
120.0,5.89284754,4.92963648,0.963294983,0.751852905,0.628953674,0.122885033
600.0,8.45856285,7.12776661,1.32999754,1.07904696,0.909401306,0.169669952
1800.0,8.60497856,7.25227213,1.35127985,1.09766257,0.92567157,0.172359497
7200.0,8.60498047,7.25308609,1.35128295,1.09766281,0.925678955,0.172360672
