parameter,value
surface_H,8.403019973478163
DL,1.5713187693131557e-10
