time,C_mol,CL_mol,CT_mol,C_wtppm,CL_wtppm,CT_wtppm
0.0,0.0,0.0,0.0,0.0,0.0,0.0
120.0,4.25210953,3.52393293,0.728467102,0.542371216,0.449591278,0.0929344864
600.0,7.00941467,5.88675642,1.12266445,0.894236084,0.750893982,0.14321759
1800.0,9.32507896,7.87230873,1.45380831,1.18968439,1.00421882,0.185472946
7200.0,9.94237328,8.40476608,1.54271555,1.26916754,1.07196355,0.196774796
