parameter,value
surface_H,9.011192394812415
DL,2.7676029043844986e-10
