time,C_mol,CL_mol,CT_mol,C_wtppm,CL_wtppm,CT_wtppm
0.0,0.0,0.0,0.0,0.0,0.0,0.0
120.0,5.19538927,4.33122396,0.863477356,0.662802429,0.552593506,0.110146194
600.0,8.79381371,7.41575003,1.37787116,1.12186551,0.946071045,0.175742676
1800.0,10.5113516,8.88757515,1.6234324,1.34093583,1.133798,0.207034851
7200.0,10.6561079,9.01072502,1.6442616,1.35937059,1.14967787,0.209609909
