parameter,value
surface_H,8.04970771906488
DL,6.337157059147335e-10
