time,C_mol,CL_mol,CT_mol,C_wtppm,CL_wtppm,CT_wtppm
0.0,0.0,0.0,0.0,0.0,0.0,0.0
120.0,5.80424643,4.85476017,0.950724182,0.74066449,0.619366333,0.121270386
600.0,9.07332802,7.65399075,1.41790295,1.15744627,0.97675354,0.180866409
1800.0,9.5309639,8.0469408,1.4833585,1.21564901,1.0267359,0.189187592
7200.0,9.5314455,8.04841518,1.48406518,1.21608377,1.02723575,0.18930809
