time,C_mol,CL_mol,CT_mol,C_wtppm,CL_wtppm,CT_wtppm
0.0,0.0,0.0,0.0,0.0,0.0,0.0
120.0,4.11958647,3.41070938,0.709757263,0.52558844,0.435048157,0.090544693
600.0,6.37672901,5.34357262,1.03244901,0.813537842,0.681862488,0.131733688
1800.0,6.67239809,5.59757185,1.07455111,0.851506348,0.714442383,0.137162842
7200.0,6.67293596,5.59876585,1.07464623,0.851562622,0.71468811,0.137194382
