parameter,value
surface_H,7.510995729659001
DL,2.1395721652391247e-10
