time,C_mol,CL_mol,CT_mol,C_wtppm,CL_wtppm,CT_wtppm
0.0,0.0,0.0,0.0,0.0,0.0,0.0
120.0,4.08801174,3.38216114,0.705092163,0.521451843,0.431555542,0.0899383621
600.0,6.87599087,5.77249193,1.10399079,0.877270569,0.736369507,0.140812866
1800.0,8.64274693,7.28582287,1.35648763,1.10257328,0.929619751,0.173024979
7200.0,8.90605164,7.5125885,1.39421248,1.13638544,0.958519653,0.177765259
