parameter,value
surface_H,8.65543730817467
DL,1.0056962220787379e-10
