time,C_mol,CL_mol,CT_mol,C_wtppm,CL_wtppm,CT_wtppm
0.0,0.0,0.0,0.0,0.0,0.0,0.0
120.0,4.02016878,3.32453012,0.695261047,0.512906311,0.424128326,0.0886983795
600.0,6.25783157,5.24393749,1.01551986,0.798459473,0.668904663,0.129546844
1800.0,8.83227825,7.44859982,1.38335168,1.12659192,0.950161133,0.176501495
7200.0,10.2244778,8.64174938,1.58237207,1.30405867,1.10248303,0.201847488
