parameter,value
surface_H,8.603407705459905
DL,1.097454089847054e-10
