time,C_mol,CL_mol,CT_mol,C_wtppm,CL_wtppm,CT_wtppm
0.0,0.0,0.0,0.0,0.0,0.0,0.0
120.0,4.05733633,3.35576987,0.700706177,0.5176474,0.428292084,0.0893850098
600.0,6.39845657,5.36436844,1.03570962,0.816561157,0.684240295,0.132104156
1800.0,8.95065975,7.55259562,1.40039599,1.14215863,0.963426453,0.178665466
7200.0,10.1686316,8.59629345,1.5743289,1.29744971,1.09650159,0.200859818
