parameter,value
surface_H,9.206229932280243
DL,4.2725586836224565e-10
