time,C_mol,CL_mol,CT_mol,C_wtppm,CL_wtppm,CT_wtppm
0.0,0.0,0.0,0.0,0.0,0.0,0.0
120.0,5.94911385,4.97825003,0.971129272,0.75907196,0.635154968,0.123907883
600.0,9.82107258,8.29701996,1.52452481,1.25294495,1.05852485,0.194522766
1800.0,10.8553448,9.18349457,1.67227578,1.38489032,1.17158198,0.213342697
7200.0,10.8777323,9.20653915,1.6758498,1.38799429,1.17451,0.213865143
