time,C_mol,CL_mol,CT_mol,C_wtppm,CL_wtppm,CT_wtppm
0.0,0.0,0.0,0.0,0.0,0.0,0.0
120.0,3.57589936,2.9454813,0.631703003,0.456374512,0.375759277,0.0805678024
600.0,3.94912839,3.26410913,0.685069397,0.50379538,0.416544159,0.0874082642
1800.0,4.77296019,3.9705627,0.803141479,0.608955139,0.506586121,0.102436264
7200.0,7.29704189,6.13347578,1.16366577,0.930799194,0.782321045,0.148465637
