parameter,value
surface_H,8.605998443750948
DL,1.070156631631862e-10
