time,C_mol,CL_mol,CT_mol,C_wtppm,CL_wtppm,CT_wtppm
0.0,0.0,0.0,0.0,0.0,0.0,0.0
120.0,4.04010916,3.34237242,0.698189819,0.515386292,0.426420685,0.0890934372
600.0,6.34994364,5.32167673,1.02850306,0.809941223,0.678916748,0.131227524
1800.0,8.90659618,7.51289034,1.39412689,1.13617766,0.958334534,0.177847305
7200.0,10.1712265,8.59786987,1.57486832,1.29779673,1.09655464,0.200896896
