parameter,value
surface_H,8.86212479537893
DL,1.0844832377978807e-10
