time,C_mol,CL_mol,CT_mol,C_wtppm,CL_wtppm,CT_wtppm
0.0,0.0,0.0,0.0,0.0,0.0,0.0
120.0,4.16605139,3.45043111,0.716132202,0.531460144,0.440171997,0.0913757782
600.0,6.56357002,5.50350094,1.05900025,0.837387756,0.702094238,0.135093353
1800.0,9.19395924,7.75787449,1.43485606,1.172979,0.989896362,0.18306366
7200.0,10.4705877,8.8528595,1.61728883,1.33580744,1.12948632,0.206335938
