parameter,value
surface_H,9.214832009841878
DL,4.234234082511033e-11
