time,C_mol,CL_mol,CT_mol,C_wtppm,CL_wtppm,CT_wtppm
0.0,0.0,0.0,0.0,0.0,0.0,0.0
120.0,3.81788278,3.15177298,0.66625769,0.487132385,0.402090271,0.0850056458
600.0,5.11630535,4.26408815,0.852199585,0.652527832,0.544050171,0.108706619
1800.0,7.29092979,6.12789392,1.16293085,0.929926758,0.781718506,0.148379349
7200.0,10.3994446,8.79271889,1.60684407,1.32668912,1.12163126,0.205028091
