parameter,value
surface_H,9.035362197457903
DL,2.3874358686618873e-10
