time,C_mol,CL_mol,CT_mol,C_wtppm,CL_wtppm,CT_wtppm
0.0,0.0,0.0,0.0,0.0,0.0,0.0
120.0,5.0188365,4.18204212,0.83834552,0.640453064,0.53342804,0.106930931
600.0,8.49206066,7.15659046,1.33474767,1.0834322,0.912903198,0.170292664
1800.0,10.4522877,8.83684063,1.61483634,1.33358312,1.12731135,0.2060439
7200.0,10.6853704,9.03373051,1.64820826,1.36320066,1.15242565,0.210310654
