parameter,value
surface_H,5.684164920650778
DL,8.379812929722482e-10
