time,C_mol,CL_mol,CT_mol,C_wtppm,CL_wtppm,CT_wtppm
0.0,0.0,0.0,0.0,0.0,0.0,0.0
120.0,4.44993496,3.69350266,0.757073364,0.567802673,0.471264587,0.0965629044
600.0,6.59491253,5.53251934,1.06386852,0.841374023,0.705695557,0.135716995
1800.0,6.77000189,5.68599701,1.08945858,0.86378418,0.725023193,0.138953247
7200.0,6.77002859,5.68624973,1.08949602,0.863793945,0.725094055,0.138953598
