parameter,value
surface_H,8.712666306744726
DL,2.707677618530387e-10
