time,C_mol,CL_mol,CT_mol,C_wtppm,CL_wtppm,CT_wtppm
0.0,0.0,0.0,0.0,0.0,0.0,0.0
120.0,4.99908304,4.1648488,0.835333496,0.63773999,0.531270386,0.106584076
600.0,8.46178627,7.13207817,1.3301394,1.07944417,0.909623108,0.169696274
1800.0,10.1572218,8.58532143,1.57258594,1.29575098,1.09504426,0.200610397
7200.0,10.3097839,8.71553421,1.59376812,1.31507146,1.1116271,0.203266617
