parameter,value
surface_H,8.946311227525658
DL,1.1011477466368734e-10
