time,C_mol,CL_mol,CT_mol,C_wtppm,CL_wtppm,CT_wtppm
0.0,0.0,0.0,0.0,0.0,0.0,0.0
120.0,4.21500731,3.49248314,0.723151917,0.537749634,0.445562408,0.0922664032
600.0,6.65650129,5.58476162,1.07223058,0.849298035,0.712234924,0.136814392
1800.0,9.31080723,7.85943317,1.45156956,1.18784928,1.0024358,0.185208069
7200.0,10.5709181,8.93954754,1.63135636,1.34860539,1.14017344,0.208159454
