parameter,value
surface_H,8.887427690358527
DL,1.1175238312987094e-10
