parameter,value
surface_H,9.353302704318088
DL,5.302400363711358e-10
