time,C_mol,CL_mol,CT_mol,C_wtppm,CL_wtppm,CT_wtppm
0.0,0.0,0.0,0.0,0.0,0.0,0.0
120.0,6.4062295,5.37071705,1.03658962,0.817379456,0.685107483,0.132249008
600.0,10.3037004,8.71066952,1.59340203,1.31454551,1.1111834,0.203270584
1800.0,11.043767,9.34640884,1.69935882,1.40889645,1.19217753,0.216792587
7200.0,11.0543613,9.35351753,1.70024717,1.41015756,1.19296348,0.216905518
