parameter,value
surface_H,8.655717777498197
DL,1.0056011387819157e-10
