time,C_mol,CL_mol,CT_mol,C_wtppm,CL_wtppm,CT_wtppm
0.0,0.0,0.0,0.0,0.0,0.0,0.0
120.0,4.02010965,3.3245306,0.695358826,0.512903687,0.424171143,0.088698082
600.0,6.25773573,5.24389791,1.0155766,0.79845697,0.66892865,0.129545898
1800.0,8.83228588,7.44858599,1.38340259,1.12659299,0.950177002,0.176501541
7200.0,10.2250633,8.64185143,1.58244276,1.30408323,1.10252714,0.201848495
